variant,query_id,query_type,top_k,rerank,retriever,retrieval_cost,rerank_cost,generation_cost,total_cost,cost_usd,retrieval_latency_ms,rerank_latency_ms,generation_latency_ms,total_latency_ms,latency_ms,recall_at_k,mrr,ndcg_at_k,context_precision,context_recall,faithfulness,answer_term_coverage,hallucination_risk,chunk_size_tokens,overlap_tokens
lexical_k5_rerank,q001,fact_lookup,5.0,true,lexical,1.08e-06,2e-05,2.448e-05,4.556e-05,4.556e-05,187.1,90.0,180.0,457.1,457.1,1.0,0.5,0.6509209298071326,0.4,1.0,0.9787234042553191,0.6,0.15382978723404261,24,4
lexical_k5_rerank,q002,fact_lookup,5.0,true,lexical,1.08e-06,2e-05,2.248e-05,4.356e-05,4.356e-05,187.1,90.0,180.0,457.1,457.1,1.0,1.0,1.0,0.2,1.0,0.9787234042553191,0.8333333333333334,0.07216312056737584,24,4
lexical_k5_rerank,q003,stale_context,5.0,true,lexical,1.08e-06,2e-05,2.248e-05,4.356e-05,4.356e-05,187.1,90.0,180.0,457.1,457.1,1.0,1.0,1.0,0.4,1.0,1.0,0.8,0.07000000000000006,24,4
lexical_k5_rerank,q004,fact_lookup,5.0,true,lexical,1.08e-06,2e-05,2.44e-05,4.548e-05,4.548e-05,187.1,90.0,180.0,457.1,457.1,1.0,1.0,1.0,0.2,1.0,0.972972972972973,1.0,0.0175675675675675,24,4
lexical_k5_rerank,q005,fact_lookup,5.0,true,lexical,1.08e-06,2e-05,2.088e-05,4.196e-05,4.196e-05,187.1,90.0,180.0,457.1,457.1,1.0,1.0,1.0,0.2,1.0,1.0,1.0,0.0,24,4
lexical_k5_rerank,q006,compliance,5.0,true,lexical,1.08e-06,2e-05,2.264e-05,4.372e-05,4.372e-05,187.1,90.0,180.0,457.1,457.1,1.0,1.0,1.0,0.2,1.0,1.0,1.0,0.0,24,4
lexical_k5_rerank,q007,fact_lookup,5.0,true,lexical,1.08e-06,2e-05,2.192e-05,4.3e-05,4.3e-05,187.1,90.0,180.0,457.1,457.1,1.0,1.0,1.0,0.2,1.0,1.0,1.0,0.0,24,4
lexical_k5_rerank,q008,policy_reasoning,5.0,true,lexical,1.08e-06,2e-05,2.176e-05,4.284e-05,4.284e-05,187.1,90.0,180.0,457.1,457.1,0.0,0.0,0.0,0.0,0.0,0.9791666666666666,0.16666666666666666,0.3052083333333333,24,4
lexical_k5_rerank,q009,cost_latency,5.0,true,lexical,1.08e-06,2e-05,2.128e-05,4.236e-05,4.236e-05,187.1,90.0,180.0,457.1,457.1,1.0,1.0,0.9197207891481876,0.4,1.0,0.9736842105263158,1.0,0.017105263157894735,24,4
lexical_k5_rerank,q010,compliance,5.0,true,lexical,1.08e-06,2e-05,2.352e-05,4.46e-05,4.46e-05,187.1,90.0,180.0,457.1,457.1,1.0,1.0,1.0,0.2,1.0,0.9782608695652174,1.0,0.01413043478260867,24,4
lexical_k5_rerank,q011,fact_lookup,5.0,true,lexical,1.08e-06,2e-05,2.128e-05,4.236e-05,4.236e-05,187.1,90.0,180.0,457.1,457.1,1.0,1.0,1.0,0.2,1.0,1.0,1.0,0.0,24,4
lexical_k5_rerank,q012,policy_reasoning,5.0,true,lexical,1.08e-06,2e-05,2.088e-05,4.196e-05,4.196e-05,187.1,90.0,180.0,457.1,457.1,1.0,1.0,1.0,0.2,1.0,1.0,1.0,0.0,24,4
lexical_k5_rerank,q013,compliance,5.0,true,lexical,1.08e-06,2e-05,2.112e-05,4.22e-05,4.22e-05,187.1,90.0,180.0,457.1,457.1,1.0,0.5,0.6309297535714575,0.2,1.0,0.975609756097561,0.75,0.1033536585365854,24,4
lexical_k5_rerank,q014,fact_lookup,5.0,true,lexical,1.08e-06,2e-05,2.144e-05,4.252e-05,4.252e-05,187.1,90.0,180.0,457.1,457.1,1.0,1.0,1.0,0.2,1.0,0.9761904761904762,1.0,0.015476190476190532,24,4
lexical_k5_rerank,q015,multi_hop,5.0,true,lexical,1.08e-06,2e-05,2.368e-05,4.476e-05,4.476e-05,187.1,90.0,180.0,457.1,457.1,1.0,1.0,0.8772153153380493,0.4,1.0,0.9761904761904762,0.8,0.08547619047619048,24,4
lexical_k5_rerank,q016,compliance,5.0,true,lexical,1.08e-06,2e-05,2.184e-05,4.292e-05,4.292e-05,187.1,90.0,180.0,457.1,457.1,1.0,1.0,1.0,0.2,1.0,1.0,1.0,0.0,24,4
lexical_k5_rerank,q017,vendor_risk,5.0,true,lexical,1.08e-06,2e-05,2.224e-05,4.332e-05,4.332e-05,187.1,90.0,180.0,457.1,457.1,1.0,1.0,1.0,0.2,1.0,0.9743589743589743,1.0,0.01666666666666672,24,4
lexical_k5_rerank,q018,compliance,5.0,true,lexical,1.08e-06,2e-05,2.032e-05,4.14e-05,4.14e-05,187.1,90.0,180.0,457.1,457.1,1.0,1.0,1.0,0.2,1.0,1.0,1.0,0.0,24,4
lexical_k5_rerank,q019,policy_reasoning,5.0,true,lexical,1.08e-06,2e-05,2.352e-05,4.46e-05,4.46e-05,187.1,90.0,180.0,457.1,457.1,0.0,0.0,0.0,0.0,0.0,0.9743589743589743,0.8,0.08666666666666667,24,4
lexical_k5_rerank,q020,cost_latency,5.0,true,lexical,1.08e-06,2e-05,2.128e-05,4.236e-05,4.236e-05,187.1,90.0,180.0,457.1,457.1,1.0,1.0,1.0,0.2,1.0,1.0,1.0,0.0,24,4
lexical_k5_rerank,q021,cost_latency,5.0,true,lexical,1.08e-06,2e-05,2.16e-05,4.268e-05,4.268e-05,187.1,90.0,180.0,457.1,457.1,1.0,1.0,1.0,0.2,1.0,0.975609756097561,1.0,0.01585365853658538,24,4
lexical_k5_rerank,q022,cost_latency,5.0,true,lexical,1.08e-06,2e-05,2.072e-05,4.18e-05,4.18e-05,187.1,90.0,180.0,457.1,457.1,1.0,1.0,1.0,0.2,1.0,0.9772727272727273,1.0,0.01477272727272727,24,4
lexical_k5_rerank,q023,policy_reasoning,5.0,true,lexical,1.08e-06,2e-05,2.32e-05,4.428e-05,4.428e-05,187.1,90.0,180.0,457.1,457.1,1.0,1.0,1.0,0.4,1.0,0.9787234042553191,1.0,0.013829787234042601,24,4
lexical_k5_rerank,q024,compliance,5.0,true,lexical,1.08e-06,2e-05,2.064e-05,4.172e-05,4.172e-05,187.1,90.0,180.0,457.1,457.1,1.0,1.0,1.0,0.2,1.0,1.0,1.0,0.0,24,4
lexical_k5_rerank,q025,fact_lookup,5.0,true,lexical,1.08e-06,2e-05,2.064e-05,4.172e-05,4.172e-05,187.1,90.0,180.0,457.1,457.1,1.0,1.0,1.0,0.2,1.0,1.0,1.0,0.0,24,4
lexical_k5_rerank,q026,vendor_risk,5.0,true,lexical,1.08e-06,2e-05,2.224e-05,4.332e-05,4.332e-05,187.1,90.0,180.0,457.1,457.1,1.0,1.0,1.0,0.2,1.0,0.9736842105263158,1.0,0.017105263157894735,24,4
lexical_k5_rerank,q027,vendor_risk,5.0,true,lexical,1.08e-06,2e-05,2.28e-05,4.388e-05,4.388e-05,187.1,90.0,180.0,457.1,457.1,1.0,1.0,1.0,0.2,1.0,0.9761904761904762,1.0,0.015476190476190532,24,4
lexical_k5_rerank,q028,policy_reasoning,5.0,true,lexical,1.08e-06,2e-05,2.32e-05,4.428e-05,4.428e-05,187.1,90.0,180.0,457.1,457.1,1.0,1.0,1.0,0.2,1.0,1.0,1.0,0.0,24,4
lexical_k5_rerank,q029,policy_reasoning,5.0,true,lexical,1.08e-06,2e-05,2.176e-05,4.284e-05,4.284e-05,187.1,90.0,180.0,457.1,457.1,1.0,1.0,1.0,0.2,1.0,0.975,1.0,0.016249999999999987,24,4
lexical_k5_rerank,q030,ambiguous,5.0,true,lexical,1.08e-06,2e-05,2.128e-05,4.236e-05,4.236e-05,187.1,90.0,180.0,457.1,457.1,0.5,0.5,0.38685280723454163,0.2,0.5,1.0,0.6,0.14,24,4
lexical_k5_rerank,q031,cloud_operations,5.0,true,lexical,1.08e-06,2e-05,2.288e-05,4.396e-05,4.396e-05,187.1,90.0,180.0,457.1,457.1,1.0,1.0,1.0,0.2,1.0,0.9696969696969697,1.0,0.019696969696969657,24,4
lexical_k5_rerank,q032,cloud_operations,5.0,true,lexical,1.08e-06,2e-05,2.128e-05,4.236e-05,4.236e-05,187.1,90.0,180.0,457.1,457.1,1.0,1.0,1.0,0.2,1.0,0.9761904761904762,0.8,0.08547619047619048,24,4
lexical_k5_rerank,q033,cost_latency,5.0,true,lexical,1.08e-06,2e-05,2.2e-05,4.308e-05,4.308e-05,187.1,90.0,180.0,457.1,457.1,1.0,1.0,1.0,0.2,1.0,0.9743589743589743,1.0,0.01666666666666672,24,4
lexical_k5_rerank,q034,compliance,5.0,true,lexical,1.08e-06,2e-05,2.304e-05,4.412e-05,4.412e-05,187.1,90.0,180.0,457.1,457.1,1.0,1.0,1.0,0.2,1.0,0.9777777777777777,1.0,0.014444444444444482,24,4
lexical_k5_rerank,q035,policy_reasoning,5.0,true,lexical,1.08e-06,2e-05,2.224e-05,4.332e-05,4.332e-05,187.1,90.0,180.0,457.1,457.1,1.0,1.0,1.0,0.2,1.0,0.9736842105263158,1.0,0.017105263157894735,24,4
lexical_k5_rerank,q036,policy_reasoning,5.0,true,lexical,1.08e-06,2e-05,2.16e-05,4.268e-05,4.268e-05,187.1,90.0,180.0,457.1,457.1,1.0,1.0,1.0,0.2,1.0,0.9777777777777777,1.0,0.014444444444444482,24,4
lexical_k5_rerank,q037,fact_lookup,5.0,true,lexical,1.08e-06,2e-05,2.424e-05,4.532e-05,4.532e-05,187.1,90.0,180.0,457.1,457.1,0.0,0.0,0.0,0.0,0.0,0.9767441860465116,0.8,0.08511627906976749,24,4
lexical_k5_rerank,q038,compliance,5.0,true,lexical,1.08e-06,2e-05,2.168e-05,4.276e-05,4.276e-05,187.1,90.0,180.0,457.1,457.1,1.0,1.0,1.0,0.2,1.0,1.0,1.0,0.0,24,4
lexical_k5_rerank,q039,multi_hop,5.0,true,lexical,1.08e-06,2e-05,2.232e-05,4.34e-05,4.34e-05,187.1,90.0,180.0,457.1,457.1,0.6666666666666666,0.5,0.49818925746641285,0.4,0.6666666666666666,0.975609756097561,0.4,0.22585365853658534,24,4
lexical_k5_rerank,q040,multi_hop,5.0,true,lexical,1.08e-06,2e-05,2.296e-05,4.404e-05,4.404e-05,187.1,90.0,180.0,457.1,457.1,1.0,1.0,0.9469024295259745,0.6,1.0,0.9761904761904762,0.8,0.08547619047619048,24,4
lexical_k5_rerank,q041,stale_context,5.0,true,lexical,1.08e-06,2e-05,2.224e-05,4.332e-05,4.332e-05,187.1,90.0,180.0,457.1,457.1,0.5,1.0,0.6131471927654584,0.2,0.5,1.0,1.0,0.0,24,4
lexical_k5_rerank,q042,ambiguous,5.0,true,lexical,1.08e-06,2e-05,2.224e-05,4.332e-05,4.332e-05,187.1,90.0,180.0,457.1,457.1,0.0,0.0,0.0,0.0,0.0,1.0,0.6,0.14,24,4
lexical_k5_rerank,q043,ambiguous,5.0,true,lexical,1.08e-06,2e-05,2.024e-05,4.132e-05,4.132e-05,187.1,90.0,180.0,457.1,457.1,1.0,1.0,0.8529278650606567,0.6,1.0,1.0,0.8,0.07000000000000006,24,4
lexical_k5_rerank,q044,cost_latency,5.0,true,lexical,1.08e-06,2e-05,2.24e-05,4.348e-05,4.348e-05,187.1,90.0,180.0,457.1,457.1,1.0,1.0,1.0,0.2,1.0,0.9736842105263158,1.0,0.017105263157894735,24,4
lexical_k5_rerank,q045,multi_hop,5.0,true,lexical,1.08e-06,2e-05,2.224e-05,4.332e-05,4.332e-05,187.1,90.0,180.0,457.1,457.1,1.0,1.0,0.8503449055347546,0.4,1.0,1.0,0.8,0.07000000000000006,24,4
lexical_k5_rerank,q046,vendor_risk,5.0,true,lexical,1.08e-06,2e-05,2.336e-05,4.444e-05,4.444e-05,187.1,90.0,180.0,457.1,457.1,1.0,1.0,1.0,0.2,1.0,0.9743589743589743,1.0,0.01666666666666672,24,4
lexical_k5_rerank,q047,cloud_operations,5.0,true,lexical,1.08e-06,2e-05,2.296e-05,4.404e-05,4.404e-05,187.1,90.0,180.0,457.1,457.1,1.0,0.5,0.6309297535714575,0.2,1.0,0.9761904761904762,1.0,0.015476190476190532,24,4
lexical_k5_rerank,q048,fact_lookup,5.0,true,lexical,1.08e-06,2e-05,2.296e-05,4.404e-05,4.404e-05,187.1,90.0,180.0,457.1,457.1,1.0,1.0,1.0,0.2,1.0,1.0,0.75,0.08750000000000002,24,4
lexical_k5_rerank,q049,policy_reasoning,5.0,true,lexical,1.08e-06,2e-05,2.048e-05,4.156e-05,4.156e-05,187.1,90.0,180.0,457.1,457.1,1.0,0.5,0.6509209298071326,0.4,1.0,1.0,0.8,0.07000000000000006,24,4
lexical_k5_rerank,q050,compliance,5.0,true,lexical,1.08e-06,2e-05,2.184e-05,4.292e-05,4.292e-05,187.1,90.0,180.0,457.1,457.1,1.0,1.0,1.0,0.2,1.0,1.0,0.8,0.07000000000000006,24,4
lexical_k5_rerank,q051,stale_context,5.0,true,lexical,1.08e-06,2e-05,2.088e-05,4.196e-05,4.196e-05,187.1,90.0,180.0,457.1,457.1,1.0,1.0,1.0,0.2,1.0,1.0,1.0,0.0,24,4
lexical_k5_rerank,q052,fact_lookup,5.0,true,lexical,1.08e-06,2e-05,2.032e-05,4.14e-05,4.14e-05,187.1,90.0,180.0,457.1,457.1,1.0,0.5,0.6309297535714575,0.2,1.0,0.9767441860465116,1.0,0.015116279069767424,24,4
lexical_k5_rerank,q053,cost_latency,5.0,true,lexical,1.08e-06,2e-05,2.192e-05,4.3e-05,4.3e-05,187.1,90.0,180.0,457.1,457.1,1.0,1.0,1.0,0.2,1.0,1.0,1.0,0.0,24,4
lexical_k5_rerank,q054,compliance,5.0,true,lexical,1.08e-06,2e-05,2.216e-05,4.324e-05,4.324e-05,187.1,90.0,180.0,457.1,457.1,1.0,1.0,1.0,0.2,1.0,1.0,1.0,0.0,24,4
lexical_k5_rerank,q055,policy_reasoning,5.0,true,lexical,1.08e-06,2e-05,2.016e-05,4.124e-05,4.124e-05,187.1,90.0,180.0,457.1,457.1,0.5,1.0,0.6131471927654584,0.2,0.5,1.0,0.8,0.07000000000000006,24,4
lexical_k5_rerank,q056,multi_hop,5.0,true,lexical,1.08e-06,2e-05,2.328e-05,4.436e-05,4.436e-05,187.1,90.0,180.0,457.1,457.1,0.3333333333333333,0.5,0.2960819109658652,0.2,0.3333333333333333,0.9782608695652174,0.6,0.15413043478260868,24,4
hybrid_k5_rerank,q001,fact_lookup,5.0,true,hybrid,1.08e-06,2e-05,6.072e-05,8.18e-05,8.18e-05,187.1,90.0,310.0,587.1,587.1,1.0,0.5,0.6509209298071326,0.4,1.0,1.0,0.6,0.14,24,4
hybrid_k5_rerank,q002,fact_lookup,5.0,true,hybrid,1.08e-06,2e-05,5.964e-05,8.072e-05,8.072e-05,187.1,90.0,310.0,587.1,587.1,1.0,1.0,1.0,0.2,1.0,1.0,0.8333333333333334,0.05833333333333335,24,4
hybrid_k5_rerank,q003,stale_context,5.0,true,hybrid,1.08e-06,2e-05,5.76e-05,7.868e-05,7.868e-05,187.1,90.0,310.0,587.1,587.1,1.0,1.0,1.0,0.4,1.0,1.0,0.8,0.07000000000000006,24,4
hybrid_k5_rerank,q004,fact_lookup,5.0,true,hybrid,1.08e-06,2e-05,6.06e-05,8.168e-05,8.168e-05,187.1,90.0,310.0,587.1,587.1,1.0,1.0,1.0,0.2,1.0,0.9791666666666666,1.0,0.013541666666666674,24,4
hybrid_k5_rerank,q005,fact_lookup,5.0,true,hybrid,1.08e-06,2e-05,5.532e-05,7.64e-05,7.64e-05,187.1,90.0,310.0,587.1,587.1,1.0,1.0,1.0,0.2,1.0,1.0,1.0,0.0,24,4
hybrid_k5_rerank,q006,compliance,5.0,true,hybrid,1.08e-06,2e-05,5.916e-05,8.024e-05,8.024e-05,187.1,90.0,310.0,587.1,587.1,1.0,1.0,1.0,0.2,1.0,1.0,1.0,0.0,24,4
hybrid_k5_rerank,q007,fact_lookup,5.0,true,hybrid,1.08e-06,2e-05,5.688e-05,7.796e-05,7.796e-05,187.1,90.0,310.0,587.1,587.1,1.0,1.0,1.0,0.2,1.0,1.0,1.0,0.0,24,4
hybrid_k5_rerank,q008,policy_reasoning,5.0,true,hybrid,1.08e-06,2e-05,5.88e-05,7.988e-05,7.988e-05,187.1,90.0,310.0,587.1,587.1,0.0,0.0,0.0,0.0,0.0,1.0,0.16666666666666666,0.29166666666666663,24,4
hybrid_k5_rerank,q009,cost_latency,5.0,true,hybrid,1.08e-06,2e-05,5.592e-05,7.7e-05,7.7e-05,187.1,90.0,310.0,587.1,587.1,1.0,1.0,1.0,0.4,1.0,1.0,1.0,0.0,24,4
hybrid_k5_rerank,q010,compliance,5.0,true,hybrid,1.08e-06,2e-05,5.928e-05,8.036e-05,8.036e-05,187.1,90.0,310.0,587.1,587.1,1.0,1.0,1.0,0.2,1.0,1.0,1.0,0.0,24,4
hybrid_k5_rerank,q011,fact_lookup,5.0,true,hybrid,1.08e-06,2e-05,5.772e-05,7.88e-05,7.88e-05,187.1,90.0,310.0,587.1,587.1,1.0,1.0,1.0,0.2,1.0,1.0,1.0,0.0,24,4
hybrid_k5_rerank,q012,policy_reasoning,5.0,true,hybrid,1.08e-06,2e-05,5.532e-05,7.64e-05,7.64e-05,187.1,90.0,310.0,587.1,587.1,1.0,1.0,1.0,0.2,1.0,1.0,1.0,0.0,24,4
hybrid_k5_rerank,q013,compliance,5.0,true,hybrid,1.08e-06,2e-05,5.568e-05,7.676e-05,7.676e-05,187.1,90.0,310.0,587.1,587.1,1.0,1.0,1.0,0.2,1.0,1.0,0.75,0.08750000000000002,24,4
hybrid_k5_rerank,q014,fact_lookup,5.0,true,hybrid,1.08e-06,2e-05,5.832e-05,7.94e-05,7.94e-05,187.1,90.0,310.0,587.1,587.1,1.0,1.0,1.0,0.2,1.0,1.0,1.0,0.0,24,4
hybrid_k5_rerank,q015,multi_hop,5.0,true,hybrid,1.08e-06,2e-05,5.952e-05,8.06e-05,8.06e-05,187.1,90.0,310.0,587.1,587.1,1.0,1.0,0.8772153153380493,0.4,1.0,1.0,0.8,0.07000000000000006,24,4
hybrid_k5_rerank,q016,compliance,5.0,true,hybrid,1.08e-06,2e-05,5.676e-05,7.784e-05,7.784e-05,187.1,90.0,310.0,587.1,587.1,1.0,1.0,1.0,0.2,1.0,1.0,1.0,0.0,24,4
hybrid_k5_rerank,q017,vendor_risk,5.0,true,hybrid,1.08e-06,2e-05,5.736e-05,7.844e-05,7.844e-05,187.1,90.0,310.0,587.1,587.1,1.0,1.0,1.0,0.2,1.0,1.0,1.0,0.0,24,4
hybrid_k5_rerank,q018,compliance,5.0,true,hybrid,1.08e-06,2e-05,5.448e-05,7.556e-05,7.556e-05,187.1,90.0,310.0,587.1,587.1,1.0,1.0,1.0,0.2,1.0,1.0,1.0,0.0,24,4
hybrid_k5_rerank,q019,policy_reasoning,5.0,true,hybrid,1.08e-06,2e-05,5.928e-05,8.036e-05,8.036e-05,187.1,90.0,310.0,587.1,587.1,0.0,0.0,0.0,0.0,0.0,1.0,0.8,0.07000000000000006,24,4
hybrid_k5_rerank,q020,cost_latency,5.0,true,hybrid,1.08e-06,2e-05,5.592e-05,7.7e-05,7.7e-05,187.1,90.0,310.0,587.1,587.1,1.0,1.0,1.0,0.2,1.0,1.0,1.0,0.0,24,4
hybrid_k5_rerank,q021,cost_latency,5.0,true,hybrid,1.08e-06,2e-05,5.868e-05,7.976e-05,7.976e-05,187.1,90.0,310.0,587.1,587.1,1.0,1.0,1.0,0.2,1.0,0.9838709677419355,1.0,0.010483870967741948,24,4
hybrid_k5_rerank,q022,cost_latency,5.0,true,hybrid,1.08e-06,2e-05,5.508e-05,7.616e-05,7.616e-05,187.1,90.0,310.0,587.1,587.1,1.0,1.0,1.0,0.2,1.0,1.0,1.0,0.0,24,4
hybrid_k5_rerank,q023,policy_reasoning,5.0,true,hybrid,1.08e-06,2e-05,5.88e-05,7.988e-05,7.988e-05,187.1,90.0,310.0,587.1,587.1,1.0,1.0,1.0,0.4,1.0,1.0,1.0,0.0,24,4
hybrid_k5_rerank,q024,compliance,5.0,true,hybrid,1.08e-06,2e-05,5.496e-05,7.604e-05,7.604e-05,187.1,90.0,310.0,587.1,587.1,1.0,1.0,1.0,0.2,1.0,1.0,1.0,0.0,24,4
hybrid_k5_rerank,q025,fact_lookup,5.0,true,hybrid,1.08e-06,2e-05,5.496e-05,7.604e-05,7.604e-05,187.1,90.0,310.0,587.1,587.1,1.0,1.0,1.0,0.2,1.0,1.0,1.0,0.0,24,4
hybrid_k5_rerank,q026,vendor_risk,5.0,true,hybrid,1.08e-06,2e-05,5.736e-05,7.844e-05,7.844e-05,187.1,90.0,310.0,587.1,587.1,1.0,1.0,1.0,0.2,1.0,0.9811320754716981,1.0,0.01226415094339628,24,4
hybrid_k5_rerank,q027,vendor_risk,5.0,true,hybrid,1.08e-06,2e-05,5.82e-05,7.928e-05,7.928e-05,187.1,90.0,310.0,587.1,587.1,1.0,1.0,1.0,0.2,1.0,0.9821428571428571,1.0,0.011607142857142927,24,4
hybrid_k5_rerank,q028,policy_reasoning,5.0,true,hybrid,1.08e-06,2e-05,5.88e-05,7.988e-05,7.988e-05,187.1,90.0,310.0,587.1,587.1,1.0,1.0,1.0,0.2,1.0,1.0,1.0,0.0,24,4
hybrid_k5_rerank,q029,policy_reasoning,5.0,true,hybrid,1.08e-06,2e-05,5.664e-05,7.772e-05,7.772e-05,187.1,90.0,310.0,587.1,587.1,1.0,1.0,1.0,0.2,1.0,1.0,1.0,0.0,24,4
hybrid_k5_rerank,q030,ambiguous,5.0,true,hybrid,1.08e-06,2e-05,5.592e-05,7.7e-05,7.7e-05,187.1,90.0,310.0,587.1,587.1,0.5,0.5,0.38685280723454163,0.2,0.5,1.0,0.4,0.20999999999999996,24,4
hybrid_k5_rerank,q031,cloud_operations,5.0,true,hybrid,1.08e-06,2e-05,5.832e-05,7.94e-05,7.94e-05,187.1,90.0,310.0,587.1,587.1,1.0,1.0,1.0,0.2,1.0,1.0,1.0,0.0,24,4
hybrid_k5_rerank,q032,cloud_operations,5.0,true,hybrid,1.08e-06,2e-05,5.592e-05,7.7e-05,7.7e-05,187.1,90.0,310.0,587.1,587.1,1.0,1.0,1.0,0.2,1.0,1.0,0.8,0.07000000000000006,24,4
hybrid_k5_rerank,q033,cost_latency,5.0,true,hybrid,1.08e-06,2e-05,5.7e-05,7.808e-05,7.808e-05,187.1,90.0,310.0,587.1,587.1,1.0,1.0,1.0,0.2,1.0,1.0,1.0,0.0,24,4
hybrid_k5_rerank,q034,compliance,5.0,true,hybrid,1.08e-06,2e-05,5.856e-05,7.964e-05,7.964e-05,187.1,90.0,310.0,587.1,587.1,1.0,1.0,1.0,0.2,1.0,1.0,1.0,0.0,24,4
hybrid_k5_rerank,q035,policy_reasoning,5.0,true,hybrid,1.08e-06,2e-05,5.736e-05,7.844e-05,7.844e-05,187.1,90.0,310.0,587.1,587.1,1.0,1.0,1.0,0.2,1.0,1.0,1.0,0.0,24,4
hybrid_k5_rerank,q036,policy_reasoning,5.0,true,hybrid,1.08e-06,2e-05,5.64e-05,7.748e-05,7.748e-05,187.1,90.0,310.0,587.1,587.1,1.0,1.0,1.0,0.2,1.0,1.0,1.0,0.0,24,4
hybrid_k5_rerank,q037,fact_lookup,5.0,true,hybrid,1.08e-06,2e-05,6.036e-05,8.144e-05,8.144e-05,187.1,90.0,310.0,587.1,587.1,0.0,0.0,0.0,0.0,0.0,0.9838709677419355,0.8,0.08048387096774201,24,4
hybrid_k5_rerank,q038,compliance,5.0,true,hybrid,1.08e-06,2e-05,5.652e-05,7.76e-05,7.76e-05,187.1,90.0,310.0,587.1,587.1,1.0,1.0,1.0,0.2,1.0,1.0,0.8,0.07000000000000006,24,4
hybrid_k5_rerank,q039,multi_hop,5.0,true,hybrid,1.08e-06,2e-05,5.748e-05,7.856e-05,7.856e-05,187.1,90.0,310.0,587.1,587.1,0.6666666666666666,0.5,0.49818925746641285,0.4,0.6666666666666666,1.0,0.6,0.14,24,4
hybrid_k5_rerank,q040,multi_hop,5.0,true,hybrid,1.08e-06,2e-05,5.844e-05,7.952e-05,7.952e-05,187.1,90.0,310.0,587.1,587.1,1.0,1.0,0.9469024295259745,0.6,1.0,1.0,0.8,0.07000000000000006,24,4
hybrid_k5_rerank,q041,stale_context,5.0,true,hybrid,1.08e-06,2e-05,5.736e-05,7.844e-05,7.844e-05,187.1,90.0,310.0,587.1,587.1,0.5,1.0,0.6131471927654584,0.2,0.5,1.0,1.0,0.0,24,4
hybrid_k5_rerank,q042,ambiguous,5.0,true,hybrid,1.08e-06,2e-05,5.736e-05,7.844e-05,7.844e-05,187.1,90.0,310.0,587.1,587.1,0.0,0.0,0.0,0.0,0.0,1.0,0.6,0.14,24,4
hybrid_k5_rerank,q043,ambiguous,5.0,true,hybrid,1.08e-06,2e-05,5.436e-05,7.544e-05,7.544e-05,187.1,90.0,310.0,587.1,587.1,1.0,1.0,0.8529278650606567,0.6,1.0,1.0,0.8,0.07000000000000006,24,4
hybrid_k5_rerank,q044,cost_latency,5.0,true,hybrid,1.08e-06,2e-05,5.76e-05,7.868e-05,7.868e-05,187.1,90.0,310.0,587.1,587.1,1.0,1.0,1.0,0.2,1.0,1.0,1.0,0.0,24,4
hybrid_k5_rerank,q045,multi_hop,5.0,true,hybrid,1.08e-06,2e-05,5.736e-05,7.844e-05,7.844e-05,187.1,90.0,310.0,587.1,587.1,1.0,1.0,0.8503449055347546,0.4,1.0,1.0,0.8,0.07000000000000006,24,4
hybrid_k5_rerank,q046,vendor_risk,5.0,true,hybrid,1.08e-06,2e-05,5.904e-05,8.012e-05,8.012e-05,187.1,90.0,310.0,587.1,587.1,1.0,1.0,1.0,0.2,1.0,0.9807692307692307,1.0,0.012500000000000067,24,4
hybrid_k5_rerank,q047,cloud_operations,5.0,true,hybrid,1.08e-06,2e-05,5.844e-05,7.952e-05,7.952e-05,187.1,90.0,310.0,587.1,587.1,1.0,0.5,0.6309297535714575,0.2,1.0,1.0,1.0,0.0,24,4
hybrid_k5_rerank,q048,fact_lookup,5.0,true,hybrid,1.08e-06,2e-05,5.844e-05,7.952e-05,7.952e-05,187.1,90.0,310.0,587.1,587.1,1.0,1.0,1.0,0.2,1.0,1.0,0.75,0.08750000000000002,24,4
hybrid_k5_rerank,q049,policy_reasoning,5.0,true,hybrid,1.08e-06,2e-05,5.472e-05,7.58e-05,7.58e-05,187.1,90.0,310.0,587.1,587.1,1.0,0.5,0.6509209298071326,0.4,1.0,1.0,0.8,0.07000000000000006,24,4
hybrid_k5_rerank,q050,compliance,5.0,true,hybrid,1.08e-06,2e-05,5.676e-05,7.784e-05,7.784e-05,187.1,90.0,310.0,587.1,587.1,1.0,1.0,1.0,0.2,1.0,1.0,0.8,0.07000000000000006,24,4
hybrid_k5_rerank,q051,stale_context,5.0,true,hybrid,1.08e-06,2e-05,5.532e-05,7.64e-05,7.64e-05,187.1,90.0,310.0,587.1,587.1,1.0,1.0,1.0,0.2,1.0,1.0,1.0,0.0,24,4
hybrid_k5_rerank,q052,fact_lookup,5.0,true,hybrid,1.08e-06,2e-05,5.448e-05,7.556e-05,7.556e-05,187.1,90.0,310.0,587.1,587.1,1.0,0.5,0.6309297535714575,0.2,1.0,1.0,1.0,0.0,24,4
hybrid_k5_rerank,q053,cost_latency,5.0,true,hybrid,1.08e-06,2e-05,5.688e-05,7.796e-05,7.796e-05,187.1,90.0,310.0,587.1,587.1,1.0,1.0,1.0,0.2,1.0,1.0,1.0,0.0,24,4
hybrid_k5_rerank,q054,compliance,5.0,true,hybrid,1.08e-06,2e-05,5.724e-05,7.832e-05,7.832e-05,187.1,90.0,310.0,587.1,587.1,1.0,1.0,1.0,0.2,1.0,1.0,1.0,0.0,24,4
hybrid_k5_rerank,q055,policy_reasoning,5.0,true,hybrid,1.08e-06,2e-05,5.424e-05,7.532e-05,7.532e-05,187.1,90.0,310.0,587.1,587.1,0.5,1.0,0.6131471927654584,0.2,0.5,1.0,0.8,0.07000000000000006,24,4
hybrid_k5_rerank,q056,multi_hop,5.0,true,hybrid,1.08e-06,2e-05,5.892e-05,8e-05,8e-05,187.1,90.0,310.0,587.1,587.1,0.3333333333333333,0.5,0.2960819109658652,0.2,0.3333333333333333,1.0,0.6,0.14,24,4
hybrid_dense_hash_k5_rerank,q001,fact_lookup,5.0,true,hybrid_dense_hash,2.28e-06,2e-05,5.772e-05,8e-05,8e-05,203.1,90.0,310.0,603.1,603.1,1.0,0.5,0.6934264036172708,0.4,1.0,1.0,1.0,0.0,24,4
hybrid_dense_hash_k5_rerank,q002,fact_lookup,5.0,true,hybrid_dense_hash,2.28e-06,2e-05,5.928e-05,8.156e-05,8.156e-05,203.1,90.0,310.0,603.1,603.1,1.0,1.0,1.0,0.2,1.0,1.0,0.8333333333333334,0.05833333333333335,24,4
hybrid_dense_hash_k5_rerank,q003,stale_context,5.0,true,hybrid_dense_hash,2.28e-06,2e-05,5.76e-05,7.988e-05,7.988e-05,203.1,90.0,310.0,603.1,603.1,1.0,1.0,1.0,0.4,1.0,1.0,0.8,0.07000000000000006,24,4
hybrid_dense_hash_k5_rerank,q004,fact_lookup,5.0,true,hybrid_dense_hash,2.28e-06,2e-05,5.844e-05,8.072e-05,8.072e-05,203.1,90.0,310.0,603.1,603.1,1.0,1.0,1.0,0.2,1.0,0.9791666666666666,1.0,0.013541666666666674,24,4
hybrid_dense_hash_k5_rerank,q005,fact_lookup,5.0,true,hybrid_dense_hash,2.28e-06,2e-05,5.712e-05,7.94e-05,7.94e-05,203.1,90.0,310.0,603.1,603.1,1.0,1.0,1.0,0.2,1.0,1.0,1.0,0.0,24,4
hybrid_dense_hash_k5_rerank,q006,compliance,5.0,true,hybrid_dense_hash,2.28e-06,2e-05,5.916e-05,8.144e-05,8.144e-05,203.1,90.0,310.0,603.1,603.1,1.0,1.0,1.0,0.2,1.0,1.0,1.0,0.0,24,4
hybrid_dense_hash_k5_rerank,q007,fact_lookup,5.0,true,hybrid_dense_hash,2.28e-06,2e-05,5.688e-05,7.916e-05,7.916e-05,203.1,90.0,310.0,603.1,603.1,1.0,1.0,1.0,0.2,1.0,1.0,1.0,0.0,24,4
hybrid_dense_hash_k5_rerank,q008,policy_reasoning,5.0,true,hybrid_dense_hash,2.28e-06,2e-05,5.652e-05,7.88e-05,7.88e-05,203.1,90.0,310.0,603.1,603.1,0.0,0.0,0.0,0.0,0.0,0.9846153846153847,0.16666666666666666,0.30166666666666664,24,4
hybrid_dense_hash_k5_rerank,q009,cost_latency,5.0,true,hybrid_dense_hash,2.28e-06,2e-05,5.772e-05,8e-05,8e-05,203.1,90.0,310.0,603.1,603.1,1.0,1.0,1.0,0.4,1.0,1.0,1.0,0.0,24,4
hybrid_dense_hash_k5_rerank,q010,compliance,5.0,true,hybrid_dense_hash,2.28e-06,2e-05,5.712e-05,7.94e-05,7.94e-05,203.1,90.0,310.0,603.1,603.1,1.0,1.0,1.0,0.2,1.0,1.0,1.0,0.0,24,4
hybrid_dense_hash_k5_rerank,q011,fact_lookup,5.0,true,hybrid_dense_hash,2.28e-06,2e-05,5.772e-05,8e-05,8e-05,203.1,90.0,310.0,603.1,603.1,1.0,1.0,1.0,0.2,1.0,1.0,1.0,0.0,24,4
hybrid_dense_hash_k5_rerank,q012,policy_reasoning,5.0,true,hybrid_dense_hash,2.28e-06,2e-05,5.556e-05,7.784e-05,7.784e-05,203.1,90.0,310.0,603.1,603.1,1.0,1.0,1.0,0.2,1.0,1.0,1.0,0.0,24,4
hybrid_dense_hash_k5_rerank,q013,compliance,5.0,true,hybrid_dense_hash,2.28e-06,2e-05,5.532e-05,7.76e-05,7.76e-05,203.1,90.0,310.0,603.1,603.1,1.0,1.0,1.0,0.2,1.0,1.0,0.75,0.08750000000000002,24,4
hybrid_dense_hash_k5_rerank,q014,fact_lookup,5.0,true,hybrid_dense_hash,2.28e-06,2e-05,5.676e-05,7.904e-05,7.904e-05,203.1,90.0,310.0,603.1,603.1,1.0,1.0,1.0,0.2,1.0,1.0,1.0,0.0,24,4
hybrid_dense_hash_k5_rerank,q015,multi_hop,5.0,true,hybrid_dense_hash,2.28e-06,2e-05,5.784e-05,8.012e-05,8.012e-05,203.1,90.0,310.0,603.1,603.1,0.5,1.0,0.6131471927654584,0.2,0.5,1.0,0.8,0.07000000000000006,24,4
hybrid_dense_hash_k5_rerank,q016,compliance,5.0,true,hybrid_dense_hash,2.28e-06,2e-05,5.676e-05,7.904e-05,7.904e-05,203.1,90.0,310.0,603.1,603.1,1.0,1.0,1.0,0.2,1.0,1.0,1.0,0.0,24,4
hybrid_dense_hash_k5_rerank,q017,vendor_risk,5.0,true,hybrid_dense_hash,2.28e-06,2e-05,5.736e-05,7.964e-05,7.964e-05,203.1,90.0,310.0,603.1,603.1,1.0,1.0,1.0,0.2,1.0,1.0,1.0,0.0,24,4
hybrid_dense_hash_k5_rerank,q018,compliance,5.0,true,hybrid_dense_hash,2.28e-06,2e-05,5.448e-05,7.676e-05,7.676e-05,203.1,90.0,310.0,603.1,603.1,1.0,1.0,1.0,0.2,1.0,1.0,1.0,0.0,24,4
hybrid_dense_hash_k5_rerank,q019,policy_reasoning,5.0,true,hybrid_dense_hash,2.28e-06,2e-05,5.928e-05,8.156e-05,8.156e-05,203.1,90.0,310.0,603.1,603.1,0.0,0.0,0.0,0.0,0.0,1.0,0.8,0.07000000000000006,24,4
hybrid_dense_hash_k5_rerank,q020,cost_latency,5.0,true,hybrid_dense_hash,2.28e-06,2e-05,5.592e-05,7.82e-05,7.82e-05,203.1,90.0,310.0,603.1,603.1,1.0,1.0,1.0,0.2,1.0,1.0,1.0,0.0,24,4
hybrid_dense_hash_k5_rerank,q021,cost_latency,5.0,true,hybrid_dense_hash,2.28e-06,2e-05,5.64e-05,7.868e-05,7.868e-05,203.1,90.0,310.0,603.1,603.1,1.0,1.0,1.0,0.2,1.0,1.0,1.0,0.0,24,4
hybrid_dense_hash_k5_rerank,q022,cost_latency,5.0,true,hybrid_dense_hash,2.28e-06,2e-05,5.856e-05,8.084e-05,8.084e-05,203.1,90.0,310.0,603.1,603.1,1.0,1.0,1.0,0.2,1.0,1.0,1.0,0.0,24,4
hybrid_dense_hash_k5_rerank,q023,policy_reasoning,5.0,true,hybrid_dense_hash,2.28e-06,2e-05,5.868e-05,8.096e-05,8.096e-05,203.1,90.0,310.0,603.1,603.1,1.0,1.0,1.0,0.4,1.0,1.0,1.0,0.0,24,4
hybrid_dense_hash_k5_rerank,q024,compliance,5.0,true,hybrid_dense_hash,2.28e-06,2e-05,5.472e-05,7.7e-05,7.7e-05,203.1,90.0,310.0,603.1,603.1,1.0,1.0,1.0,0.2,1.0,1.0,1.0,0.0,24,4
hybrid_dense_hash_k5_rerank,q025,fact_lookup,5.0,true,hybrid_dense_hash,2.28e-06,2e-05,5.796e-05,8.024e-05,8.024e-05,203.1,90.0,310.0,603.1,603.1,1.0,1.0,1.0,0.2,1.0,1.0,1.0,0.0,24,4
hybrid_dense_hash_k5_rerank,q026,vendor_risk,5.0,true,hybrid_dense_hash,2.28e-06,2e-05,6.096e-05,8.324e-05,8.324e-05,203.1,90.0,310.0,603.1,603.1,1.0,1.0,1.0,0.2,1.0,0.9811320754716981,1.0,0.01226415094339628,24,4
hybrid_dense_hash_k5_rerank,q027,vendor_risk,5.0,true,hybrid_dense_hash,2.28e-06,2e-05,6.036e-05,8.264e-05,8.264e-05,203.1,90.0,310.0,603.1,603.1,1.0,1.0,1.0,0.2,1.0,0.9821428571428571,1.0,0.011607142857142927,24,4
hybrid_dense_hash_k5_rerank,q028,policy_reasoning,5.0,true,hybrid_dense_hash,2.28e-06,2e-05,5.928e-05,8.156e-05,8.156e-05,203.1,90.0,310.0,603.1,603.1,1.0,0.3333333333333333,0.5,0.2,1.0,1.0,1.0,0.0,24,4
hybrid_dense_hash_k5_rerank,q029,policy_reasoning,5.0,true,hybrid_dense_hash,2.28e-06,2e-05,5.664e-05,7.892e-05,7.892e-05,203.1,90.0,310.0,603.1,603.1,1.0,1.0,1.0,0.2,1.0,1.0,1.0,0.0,24,4
hybrid_dense_hash_k5_rerank,q030,ambiguous,5.0,true,hybrid_dense_hash,2.28e-06,2e-05,5.592e-05,7.82e-05,7.82e-05,203.1,90.0,310.0,603.1,603.1,0.5,0.5,0.38685280723454163,0.2,0.5,1.0,0.4,0.20999999999999996,24,4
hybrid_dense_hash_k5_rerank,q031,cloud_operations,5.0,true,hybrid_dense_hash,2.28e-06,2e-05,5.7e-05,7.928e-05,7.928e-05,203.1,90.0,310.0,603.1,603.1,1.0,1.0,1.0,0.2,1.0,1.0,1.0,0.0,24,4
hybrid_dense_hash_k5_rerank,q032,cloud_operations,5.0,true,hybrid_dense_hash,2.28e-06,2e-05,5.82e-05,8.048e-05,8.048e-05,203.1,90.0,310.0,603.1,603.1,1.0,1.0,1.0,0.2,1.0,1.0,0.8,0.07000000000000006,24,4
hybrid_dense_hash_k5_rerank,q033,cost_latency,5.0,true,hybrid_dense_hash,2.28e-06,2e-05,5.7e-05,7.928e-05,7.928e-05,203.1,90.0,310.0,603.1,603.1,1.0,0.5,0.6309297535714575,0.2,1.0,1.0,1.0,0.0,24,4
hybrid_dense_hash_k5_rerank,q034,compliance,5.0,true,hybrid_dense_hash,2.28e-06,2e-05,5.736e-05,7.964e-05,7.964e-05,203.1,90.0,310.0,603.1,603.1,1.0,1.0,1.0,0.2,1.0,1.0,1.0,0.0,24,4
hybrid_dense_hash_k5_rerank,q035,policy_reasoning,5.0,true,hybrid_dense_hash,2.28e-06,2e-05,5.736e-05,7.964e-05,7.964e-05,203.1,90.0,310.0,603.1,603.1,1.0,1.0,1.0,0.2,1.0,1.0,1.0,0.0,24,4
hybrid_dense_hash_k5_rerank,q036,policy_reasoning,5.0,true,hybrid_dense_hash,2.28e-06,2e-05,5.82e-05,8.048e-05,8.048e-05,203.1,90.0,310.0,603.1,603.1,1.0,1.0,1.0,0.2,1.0,1.0,1.0,0.0,24,4
hybrid_dense_hash_k5_rerank,q037,fact_lookup,5.0,true,hybrid_dense_hash,2.28e-06,2e-05,5.736e-05,7.964e-05,7.964e-05,203.1,90.0,310.0,603.1,603.1,0.0,0.0,0.0,0.0,0.0,1.0,0.8,0.07000000000000006,24,4
hybrid_dense_hash_k5_rerank,q038,compliance,5.0,true,hybrid_dense_hash,2.28e-06,2e-05,5.46e-05,7.688e-05,7.688e-05,203.1,90.0,310.0,603.1,603.1,1.0,1.0,1.0,0.2,1.0,1.0,0.8,0.07000000000000006,24,4
hybrid_dense_hash_k5_rerank,q039,multi_hop,5.0,true,hybrid_dense_hash,2.28e-06,2e-05,5.748e-05,7.976e-05,7.976e-05,203.1,90.0,310.0,603.1,603.1,0.6666666666666666,0.3333333333333333,0.4367467095119258,0.4,0.6666666666666666,1.0,0.6,0.14,24,4
hybrid_dense_hash_k5_rerank,q040,multi_hop,5.0,true,hybrid_dense_hash,2.28e-06,2e-05,5.844e-05,8.072e-05,8.072e-05,203.1,90.0,310.0,603.1,603.1,0.6666666666666666,1.0,0.7653606369886217,0.4,0.6666666666666666,1.0,0.8,0.07000000000000006,24,4
hybrid_dense_hash_k5_rerank,q041,stale_context,5.0,true,hybrid_dense_hash,2.28e-06,2e-05,5.736e-05,7.964e-05,7.964e-05,203.1,90.0,310.0,603.1,603.1,0.5,1.0,0.6131471927654584,0.2,0.5,1.0,1.0,0.0,24,4
hybrid_dense_hash_k5_rerank,q042,ambiguous,5.0,true,hybrid_dense_hash,2.28e-06,2e-05,5.736e-05,7.964e-05,7.964e-05,203.1,90.0,310.0,603.1,603.1,0.0,0.0,0.0,0.0,0.0,1.0,0.6,0.14,24,4
hybrid_dense_hash_k5_rerank,q043,ambiguous,5.0,true,hybrid_dense_hash,2.28e-06,2e-05,5.652e-05,7.88e-05,7.88e-05,203.1,90.0,310.0,603.1,603.1,0.6666666666666666,0.5,0.5307212739772434,0.4,0.6666666666666666,1.0,0.8,0.07000000000000006,24,4
hybrid_dense_hash_k5_rerank,q044,cost_latency,5.0,true,hybrid_dense_hash,2.28e-06,2e-05,5.784e-05,8.012e-05,8.012e-05,203.1,90.0,310.0,603.1,603.1,1.0,1.0,1.0,0.2,1.0,1.0,1.0,0.0,24,4
hybrid_dense_hash_k5_rerank,q045,multi_hop,5.0,true,hybrid_dense_hash,2.28e-06,2e-05,5.736e-05,7.964e-05,7.964e-05,203.1,90.0,310.0,603.1,603.1,0.5,1.0,0.6131471927654584,0.2,0.5,1.0,0.8,0.07000000000000006,24,4
hybrid_dense_hash_k5_rerank,q046,vendor_risk,5.0,true,hybrid_dense_hash,2.28e-06,2e-05,5.904e-05,8.132e-05,8.132e-05,203.1,90.0,310.0,603.1,603.1,1.0,1.0,1.0,0.2,1.0,0.9807692307692307,1.0,0.012500000000000067,24,4
hybrid_dense_hash_k5_rerank,q047,cloud_operations,5.0,true,hybrid_dense_hash,2.28e-06,2e-05,5.844e-05,8.072e-05,8.072e-05,203.1,90.0,310.0,603.1,603.1,1.0,0.5,0.6309297535714575,0.2,1.0,1.0,1.0,0.0,24,4
hybrid_dense_hash_k5_rerank,q048,fact_lookup,5.0,true,hybrid_dense_hash,2.28e-06,2e-05,5.82e-05,8.048e-05,8.048e-05,203.1,90.0,310.0,603.1,603.1,1.0,1.0,1.0,0.2,1.0,0.9841269841269841,0.75,0.09781746031746041,24,4
hybrid_dense_hash_k5_rerank,q049,policy_reasoning,5.0,true,hybrid_dense_hash,2.28e-06,2e-05,5.472e-05,7.7e-05,7.7e-05,203.1,90.0,310.0,603.1,603.1,1.0,0.5,0.6509209298071326,0.4,1.0,1.0,0.8,0.07000000000000006,24,4
hybrid_dense_hash_k5_rerank,q050,compliance,5.0,true,hybrid_dense_hash,2.28e-06,2e-05,5.88e-05,8.108e-05,8.108e-05,203.1,90.0,310.0,603.1,603.1,1.0,1.0,1.0,0.2,1.0,1.0,0.8,0.07000000000000006,24,4
hybrid_dense_hash_k5_rerank,q051,stale_context,5.0,true,hybrid_dense_hash,2.28e-06,2e-05,5.736e-05,7.964e-05,7.964e-05,203.1,90.0,310.0,603.1,603.1,1.0,1.0,1.0,0.2,1.0,1.0,1.0,0.0,24,4
hybrid_dense_hash_k5_rerank,q052,fact_lookup,5.0,true,hybrid_dense_hash,2.28e-06,2e-05,5.892e-05,8.12e-05,8.12e-05,203.1,90.0,310.0,603.1,603.1,1.0,0.5,0.6309297535714575,0.2,1.0,1.0,1.0,0.0,24,4
hybrid_dense_hash_k5_rerank,q053,cost_latency,5.0,true,hybrid_dense_hash,2.28e-06,2e-05,5.844e-05,8.072e-05,8.072e-05,203.1,90.0,310.0,603.1,603.1,1.0,1.0,1.0,0.2,1.0,1.0,1.0,0.0,24,4
hybrid_dense_hash_k5_rerank,q054,compliance,5.0,true,hybrid_dense_hash,2.28e-06,2e-05,5.724e-05,7.952e-05,7.952e-05,203.1,90.0,310.0,603.1,603.1,1.0,1.0,1.0,0.2,1.0,1.0,1.0,0.0,24,4
hybrid_dense_hash_k5_rerank,q055,policy_reasoning,5.0,true,hybrid_dense_hash,2.28e-06,2e-05,5.208e-05,7.436e-05,7.436e-05,203.1,90.0,310.0,603.1,603.1,0.5,1.0,0.6131471927654584,0.2,0.5,1.0,0.8,0.07000000000000006,24,4
hybrid_dense_hash_k5_rerank,q056,multi_hop,5.0,true,hybrid_dense_hash,2.28e-06,2e-05,5.94e-05,8.168e-05,8.168e-05,203.1,90.0,310.0,603.1,603.1,0.3333333333333333,0.5,0.2960819109658652,0.2,0.3333333333333333,1.0,0.6,0.14,24,4
lexical_k5_rerank,q001,fact_lookup,5.0,true,lexical,5.7e-07,2e-05,2.592e-05,4.649e-05,4.649e-05,125.9,90.0,180.0,395.9,395.9,0.5,0.3333333333333333,0.3065735963827292,0.2,0.5,0.9791666666666666,0.2,0.2935416666666667,256,26
lexical_k5_rerank,q002,fact_lookup,5.0,true,lexical,5.7e-07,2e-05,2.736e-05,4.793e-05,4.793e-05,125.9,90.0,180.0,395.9,395.9,1.0,1.0,1.0,0.2,1.0,0.9787234042553191,1.0,0.013829787234042601,256,26
lexical_k5_rerank,q003,stale_context,5.0,true,lexical,5.7e-07,2e-05,2.64e-05,4.697e-05,4.697e-05,125.9,90.0,180.0,395.9,395.9,0.5,0.5,0.38685280723454163,0.2,0.5,0.9787234042553191,0.8,0.08382978723404255,256,26
lexical_k5_rerank,q004,fact_lookup,5.0,true,lexical,5.7e-07,2e-05,2.664e-05,4.721e-05,4.721e-05,125.9,90.0,180.0,395.9,395.9,1.0,1.0,1.0,0.2,1.0,1.0,1.0,0.0,256,26
lexical_k5_rerank,q005,fact_lookup,5.0,true,lexical,5.7e-07,2e-05,2.64e-05,4.697e-05,4.697e-05,125.9,90.0,180.0,395.9,395.9,1.0,1.0,1.0,0.2,1.0,1.0,1.0,0.0,256,26
lexical_k5_rerank,q006,compliance,5.0,true,lexical,5.7e-07,2e-05,2.72e-05,4.777e-05,4.777e-05,125.9,90.0,180.0,395.9,395.9,1.0,1.0,1.0,0.2,1.0,0.9772727272727273,1.0,0.01477272727272727,256,26
lexical_k5_rerank,q007,fact_lookup,5.0,true,lexical,5.7e-07,2e-05,2.688e-05,4.745e-05,4.745e-05,125.9,90.0,180.0,395.9,395.9,1.0,1.0,1.0,0.2,1.0,1.0,1.0,0.0,256,26
lexical_k5_rerank,q008,policy_reasoning,5.0,true,lexical,5.7e-07,2e-05,2.584e-05,4.641e-05,4.641e-05,125.9,90.0,180.0,395.9,395.9,1.0,0.5,0.6309297535714575,0.2,1.0,0.9782608695652174,0.6666666666666666,0.13079710144927537,256,26
lexical_k5_rerank,q009,cost_latency,5.0,true,lexical,5.7e-07,2e-05,2.696e-05,4.753e-05,4.753e-05,125.9,90.0,180.0,395.9,395.9,1.0,1.0,1.0,0.4,1.0,1.0,1.0,0.0,256,26
lexical_k5_rerank,q010,compliance,5.0,true,lexical,5.7e-07,2e-05,2.6e-05,4.657e-05,4.657e-05,125.9,90.0,180.0,395.9,395.9,1.0,1.0,1.0,0.2,1.0,1.0,1.0,0.0,256,26
lexical_k5_rerank,q011,fact_lookup,5.0,true,lexical,5.7e-07,2e-05,2.664e-05,4.721e-05,4.721e-05,125.9,90.0,180.0,395.9,395.9,1.0,1.0,1.0,0.2,1.0,0.9782608695652174,1.0,0.01413043478260867,256,26
lexical_k5_rerank,q012,policy_reasoning,5.0,true,lexical,5.7e-07,2e-05,2.704e-05,4.761e-05,4.761e-05,125.9,90.0,180.0,395.9,395.9,1.0,1.0,1.0,0.2,1.0,0.972972972972973,1.0,0.0175675675675675,256,26
lexical_k5_rerank,q013,compliance,5.0,true,lexical,5.7e-07,2e-05,2.616e-05,4.673e-05,4.673e-05,125.9,90.0,180.0,395.9,395.9,1.0,0.5,0.6309297535714575,0.2,1.0,0.9772727272727273,0.75,0.10227272727272729,256,26
lexical_k5_rerank,q014,fact_lookup,5.0,true,lexical,5.7e-07,2e-05,2.616e-05,4.673e-05,4.673e-05,125.9,90.0,180.0,395.9,395.9,1.0,1.0,1.0,0.2,1.0,1.0,1.0,0.0,256,26
lexical_k5_rerank,q015,multi_hop,5.0,true,lexical,5.7e-07,2e-05,2.656e-05,4.713e-05,4.713e-05,125.9,90.0,180.0,395.9,395.9,1.0,1.0,0.8772153153380493,0.4,1.0,1.0,0.8,0.07000000000000006,256,26
lexical_k5_rerank,q016,compliance,5.0,true,lexical,5.7e-07,2e-05,2.6e-05,4.657e-05,4.657e-05,125.9,90.0,180.0,395.9,395.9,1.0,1.0,1.0,0.2,1.0,0.975609756097561,1.0,0.01585365853658538,256,26
lexical_k5_rerank,q017,vendor_risk,5.0,true,lexical,5.7e-07,2e-05,2.624e-05,4.681e-05,4.681e-05,125.9,90.0,180.0,395.9,395.9,1.0,1.0,1.0,0.2,1.0,0.975609756097561,1.0,0.01585365853658538,256,26
lexical_k5_rerank,q018,compliance,5.0,true,lexical,5.7e-07,2e-05,2.536e-05,4.593e-05,4.593e-05,125.9,90.0,180.0,395.9,395.9,0.0,0.0,0.0,0.0,0.0,1.0,1.0,0.0,256,26
lexical_k5_rerank,q019,policy_reasoning,5.0,true,lexical,5.7e-07,2e-05,2.648e-05,4.705e-05,4.705e-05,125.9,90.0,180.0,395.9,395.9,0.0,0.0,0.0,0.0,0.0,1.0,0.8,0.07000000000000006,256,26
lexical_k5_rerank,q020,cost_latency,5.0,true,lexical,5.7e-07,2e-05,2.728e-05,4.785e-05,4.785e-05,125.9,90.0,180.0,395.9,395.9,1.0,1.0,1.0,0.2,1.0,1.0,1.0,0.0,256,26
lexical_k5_rerank,q021,cost_latency,5.0,true,lexical,5.7e-07,2e-05,2.72e-05,4.777e-05,4.777e-05,125.9,90.0,180.0,395.9,395.9,1.0,1.0,1.0,0.2,1.0,0.9767441860465116,1.0,0.015116279069767424,256,26
lexical_k5_rerank,q022,cost_latency,5.0,true,lexical,5.7e-07,2e-05,2.576e-05,4.633e-05,4.633e-05,125.9,90.0,180.0,395.9,395.9,1.0,1.0,1.0,0.2,1.0,0.9782608695652174,1.0,0.01413043478260867,256,26
lexical_k5_rerank,q023,policy_reasoning,5.0,true,lexical,5.7e-07,2e-05,2.584e-05,4.641e-05,4.641e-05,125.9,90.0,180.0,395.9,395.9,0.5,0.5,0.38685280723454163,0.2,0.5,0.9767441860465116,1.0,0.015116279069767424,256,26
lexical_k5_rerank,q024,compliance,5.0,true,lexical,5.7e-07,2e-05,2.552e-05,4.609e-05,4.609e-05,125.9,90.0,180.0,395.9,395.9,1.0,1.0,1.0,0.2,1.0,0.975609756097561,1.0,0.01585365853658538,256,26
lexical_k5_rerank,q025,fact_lookup,5.0,true,lexical,5.7e-07,2e-05,2.536e-05,4.593e-05,4.593e-05,125.9,90.0,180.0,395.9,395.9,1.0,1.0,1.0,0.2,1.0,0.9787234042553191,1.0,0.013829787234042601,256,26
lexical_k5_rerank,q026,vendor_risk,5.0,true,lexical,5.7e-07,2e-05,2.568e-05,4.625e-05,4.625e-05,125.9,90.0,180.0,395.9,395.9,1.0,1.0,1.0,0.2,1.0,0.9743589743589743,1.0,0.01666666666666672,256,26
lexical_k5_rerank,q027,vendor_risk,5.0,true,lexical,5.7e-07,2e-05,2.552e-05,4.609e-05,4.609e-05,125.9,90.0,180.0,395.9,395.9,1.0,1.0,1.0,0.2,1.0,0.9743589743589743,1.0,0.01666666666666672,256,26
lexical_k5_rerank,q028,policy_reasoning,5.0,true,lexical,5.7e-07,2e-05,2.568e-05,4.625e-05,4.625e-05,125.9,90.0,180.0,395.9,395.9,1.0,1.0,1.0,0.2,1.0,0.9791666666666666,1.0,0.013541666666666674,256,26
lexical_k5_rerank,q029,policy_reasoning,5.0,true,lexical,5.7e-07,2e-05,2.608e-05,4.665e-05,4.665e-05,125.9,90.0,180.0,395.9,395.9,1.0,1.0,1.0,0.2,1.0,0.9782608695652174,1.0,0.01413043478260867,256,26
lexical_k5_rerank,q030,ambiguous,5.0,true,lexical,5.7e-07,2e-05,2.616e-05,4.673e-05,4.673e-05,125.9,90.0,180.0,395.9,395.9,1.0,1.0,0.9197207891481876,0.4,1.0,0.9787234042553191,0.4,0.22382978723404257,256,26
lexical_k5_rerank,q031,cloud_operations,5.0,true,lexical,5.7e-07,2e-05,2.608e-05,4.665e-05,4.665e-05,125.9,90.0,180.0,395.9,395.9,1.0,1.0,1.0,0.2,1.0,1.0,1.0,0.0,256,26
lexical_k5_rerank,q032,cloud_operations,5.0,true,lexical,5.7e-07,2e-05,2.544e-05,4.601e-05,4.601e-05,125.9,90.0,180.0,395.9,395.9,1.0,1.0,1.0,0.2,1.0,1.0,0.8,0.07000000000000006,256,26
lexical_k5_rerank,q033,cost_latency,5.0,true,lexical,5.7e-07,2e-05,2.568e-05,4.625e-05,4.625e-05,125.9,90.0,180.0,395.9,395.9,1.0,1.0,1.0,0.2,1.0,0.9767441860465116,1.0,0.015116279069767424,256,26
lexical_k5_rerank,q034,compliance,5.0,true,lexical,5.7e-07,2e-05,2.472e-05,4.529e-05,4.529e-05,125.9,90.0,180.0,395.9,395.9,1.0,1.0,1.0,0.2,1.0,0.9777777777777777,1.0,0.014444444444444482,256,26
lexical_k5_rerank,q035,policy_reasoning,5.0,true,lexical,5.7e-07,2e-05,2.648e-05,4.705e-05,4.705e-05,125.9,90.0,180.0,395.9,395.9,1.0,1.0,1.0,0.2,1.0,0.9736842105263158,1.0,0.017105263157894735,256,26
lexical_k5_rerank,q036,policy_reasoning,5.0,true,lexical,5.7e-07,2e-05,2.688e-05,4.745e-05,4.745e-05,125.9,90.0,180.0,395.9,395.9,1.0,1.0,1.0,0.2,1.0,0.9767441860465116,1.0,0.015116279069767424,256,26
lexical_k5_rerank,q037,fact_lookup,5.0,true,lexical,5.7e-07,2e-05,2.656e-05,4.713e-05,4.713e-05,125.9,90.0,180.0,395.9,395.9,0.0,0.0,0.0,0.0,0.0,0.9795918367346939,1.0,0.013265306122449028,256,26
lexical_k5_rerank,q038,compliance,5.0,true,lexical,5.7e-07,2e-05,2.544e-05,4.601e-05,4.601e-05,125.9,90.0,180.0,395.9,395.9,1.0,1.0,1.0,0.2,1.0,1.0,1.0,0.0,256,26
lexical_k5_rerank,q039,multi_hop,5.0,true,lexical,5.7e-07,2e-05,2.64e-05,4.697e-05,4.697e-05,125.9,90.0,180.0,395.9,395.9,1.0,0.5,0.7328286204777911,0.6,1.0,0.9772727272727273,0.6,0.15477272727272728,256,26
lexical_k5_rerank,q040,multi_hop,5.0,true,lexical,5.7e-07,2e-05,2.712e-05,4.769e-05,4.769e-05,125.9,90.0,180.0,395.9,395.9,0.6666666666666666,1.0,0.6713860725233041,0.4,0.6666666666666666,0.975609756097561,1.0,0.01585365853658538,256,26
lexical_k5_rerank,q041,stale_context,5.0,true,lexical,5.7e-07,2e-05,2.592e-05,4.649e-05,4.649e-05,125.9,90.0,180.0,395.9,395.9,1.0,1.0,0.8503449055347546,0.4,1.0,0.9787234042553191,1.0,0.013829787234042601,256,26
lexical_k5_rerank,q042,ambiguous,5.0,true,lexical,5.7e-07,2e-05,2.672e-05,4.729e-05,4.729e-05,125.9,90.0,180.0,395.9,395.9,0.5,0.3333333333333333,0.3065735963827292,0.2,0.5,0.9782608695652174,0.2,0.2941304347826087,256,26
lexical_k5_rerank,q043,ambiguous,5.0,true,lexical,5.7e-07,2e-05,2.672e-05,4.729e-05,4.729e-05,125.9,90.0,180.0,395.9,395.9,0.6666666666666666,1.0,0.7653606369886217,0.4,0.6666666666666666,0.967741935483871,0.8,0.09096774193548396,256,26
lexical_k5_rerank,q044,cost_latency,5.0,true,lexical,5.7e-07,2e-05,2.648e-05,4.705e-05,4.705e-05,125.9,90.0,180.0,395.9,395.9,1.0,1.0,1.0,0.2,1.0,1.0,1.0,0.0,256,26
lexical_k5_rerank,q045,multi_hop,5.0,true,lexical,5.7e-07,2e-05,2.6e-05,4.657e-05,4.657e-05,125.9,90.0,180.0,395.9,395.9,1.0,1.0,0.9197207891481876,0.4,1.0,1.0,0.8,0.07000000000000006,256,26
lexical_k5_rerank,q046,vendor_risk,5.0,true,lexical,5.7e-07,2e-05,2.544e-05,4.601e-05,4.601e-05,125.9,90.0,180.0,395.9,395.9,1.0,1.0,1.0,0.2,1.0,0.9743589743589743,1.0,0.01666666666666672,256,26
lexical_k5_rerank,q047,cloud_operations,5.0,true,lexical,5.7e-07,2e-05,2.624e-05,4.681e-05,4.681e-05,125.9,90.0,180.0,395.9,395.9,0.0,0.0,0.0,0.0,0.0,1.0,1.0,0.0,256,26
lexical_k5_rerank,q048,fact_lookup,5.0,true,lexical,5.7e-07,2e-05,2.672e-05,4.729e-05,4.729e-05,125.9,90.0,180.0,395.9,395.9,1.0,1.0,1.0,0.2,1.0,0.98,0.75,0.10050000000000003,256,26
lexical_k5_rerank,q049,policy_reasoning,5.0,true,lexical,5.7e-07,2e-05,2.512e-05,4.569e-05,4.569e-05,125.9,90.0,180.0,395.9,395.9,0.5,0.3333333333333333,0.3065735963827292,0.2,0.5,0.975609756097561,1.0,0.01585365853658538,256,26
lexical_k5_rerank,q050,compliance,5.0,true,lexical,5.7e-07,2e-05,2.656e-05,4.713e-05,4.713e-05,125.9,90.0,180.0,395.9,395.9,1.0,1.0,1.0,0.2,1.0,1.0,0.8,0.07000000000000006,256,26
lexical_k5_rerank,q051,stale_context,5.0,true,lexical,5.7e-07,2e-05,2.728e-05,4.785e-05,4.785e-05,125.9,90.0,180.0,395.9,395.9,0.0,0.0,0.0,0.0,0.0,0.9787234042553191,1.0,0.013829787234042601,256,26
lexical_k5_rerank,q052,fact_lookup,5.0,true,lexical,5.7e-07,2e-05,2.616e-05,4.673e-05,4.673e-05,125.9,90.0,180.0,395.9,395.9,0.0,0.0,0.0,0.0,0.0,0.9782608695652174,1.0,0.01413043478260867,256,26
lexical_k5_rerank,q053,cost_latency,5.0,true,lexical,5.7e-07,2e-05,2.64e-05,4.697e-05,4.697e-05,125.9,90.0,180.0,395.9,395.9,1.0,1.0,1.0,0.2,1.0,0.9777777777777777,1.0,0.014444444444444482,256,26
lexical_k5_rerank,q054,compliance,5.0,true,lexical,5.7e-07,2e-05,2.632e-05,4.689e-05,4.689e-05,125.9,90.0,180.0,395.9,395.9,0.0,0.0,0.0,0.0,0.0,0.9787234042553191,1.0,0.013829787234042601,256,26
lexical_k5_rerank,q055,policy_reasoning,5.0,true,lexical,5.7e-07,2e-05,2.608e-05,4.665e-05,4.665e-05,125.9,90.0,180.0,395.9,395.9,0.5,1.0,0.6131471927654584,0.2,0.5,0.9791666666666666,0.6,0.1535416666666667,256,26
lexical_k5_rerank,q056,multi_hop,5.0,true,lexical,5.7e-07,2e-05,2.68e-05,4.737e-05,4.737e-05,125.9,90.0,180.0,395.9,395.9,0.3333333333333333,1.0,0.46927872602275644,0.2,0.3333333333333333,0.98,0.6,0.15300000000000002,256,26
hybrid_k5_rerank,q001,fact_lookup,5.0,true,hybrid,5.7e-07,2e-05,6.384e-05,8.441e-05,8.441e-05,125.9,90.0,310.0,525.9,525.9,1.0,0.3333333333333333,0.5437713091520254,0.4,1.0,1.0,0.6,0.14,256,26
hybrid_k5_rerank,q002,fact_lookup,5.0,true,hybrid,5.7e-07,2e-05,6.504e-05,8.561e-05,8.561e-05,125.9,90.0,310.0,525.9,525.9,1.0,1.0,1.0,0.2,1.0,0.9846153846153847,1.0,0.010000000000000009,256,26
hybrid_k5_rerank,q003,stale_context,5.0,true,hybrid,5.7e-07,2e-05,6.36e-05,8.417e-05,8.417e-05,125.9,90.0,310.0,525.9,525.9,0.5,0.5,0.38685280723454163,0.2,0.5,0.9838709677419355,0.8,0.08048387096774201,256,26
hybrid_k5_rerank,q004,fact_lookup,5.0,true,hybrid,5.7e-07,2e-05,6.396e-05,8.453e-05,8.453e-05,125.9,90.0,310.0,525.9,525.9,1.0,1.0,1.0,0.2,1.0,1.0,1.0,0.0,256,26
hybrid_k5_rerank,q005,fact_lookup,5.0,true,hybrid,5.7e-07,2e-05,6.36e-05,8.417e-05,8.417e-05,125.9,90.0,310.0,525.9,525.9,1.0,1.0,1.0,0.2,1.0,0.9841269841269841,1.0,0.010317460317460392,256,26
hybrid_k5_rerank,q006,compliance,5.0,true,hybrid,5.7e-07,2e-05,6.48e-05,8.537e-05,8.537e-05,125.9,90.0,310.0,525.9,525.9,1.0,1.0,1.0,0.2,1.0,0.9836065573770492,1.0,0.010655737704918011,256,26
hybrid_k5_rerank,q007,fact_lookup,5.0,true,hybrid,5.7e-07,2e-05,6.432e-05,8.489e-05,8.489e-05,125.9,90.0,310.0,525.9,525.9,1.0,1.0,1.0,0.2,1.0,0.9846153846153847,1.0,0.010000000000000009,256,26
hybrid_k5_rerank,q008,policy_reasoning,5.0,true,hybrid,5.7e-07,2e-05,6.276e-05,8.333e-05,8.333e-05,125.9,90.0,310.0,525.9,525.9,1.0,0.25,0.43067655807339306,0.2,1.0,0.9850746268656716,0.0,0.3597014925373134,256,26
hybrid_k5_rerank,q009,cost_latency,5.0,true,hybrid,5.7e-07,2e-05,6.444e-05,8.501e-05,8.501e-05,125.9,90.0,310.0,525.9,525.9,1.0,1.0,1.0,0.4,1.0,0.9827586206896551,1.0,0.011206896551724133,256,26
hybrid_k5_rerank,q010,compliance,5.0,true,hybrid,5.7e-07,2e-05,6.3e-05,8.357e-05,8.357e-05,125.9,90.0,310.0,525.9,525.9,1.0,1.0,1.0,0.2,1.0,0.984375,1.0,0.010156249999999978,256,26
hybrid_k5_rerank,q011,fact_lookup,5.0,true,hybrid,5.7e-07,2e-05,6.396e-05,8.453e-05,8.453e-05,125.9,90.0,310.0,525.9,525.9,1.0,1.0,1.0,0.2,1.0,0.9838709677419355,1.0,0.010483870967741948,256,26
hybrid_k5_rerank,q012,policy_reasoning,5.0,true,hybrid,5.7e-07,2e-05,6.42e-05,8.477e-05,8.477e-05,125.9,90.0,310.0,525.9,525.9,1.0,1.0,1.0,0.2,1.0,1.0,1.0,0.0,256,26
hybrid_k5_rerank,q013,compliance,5.0,true,hybrid,5.7e-07,2e-05,6.324e-05,8.381e-05,8.381e-05,125.9,90.0,310.0,525.9,525.9,1.0,1.0,1.0,0.2,1.0,1.0,0.75,0.08750000000000002,256,26
hybrid_k5_rerank,q014,fact_lookup,5.0,true,hybrid,5.7e-07,2e-05,6.324e-05,8.381e-05,8.381e-05,125.9,90.0,310.0,525.9,525.9,1.0,1.0,1.0,0.2,1.0,1.0,1.0,0.0,256,26
hybrid_k5_rerank,q015,multi_hop,5.0,true,hybrid,5.7e-07,2e-05,6.384e-05,8.441e-05,8.441e-05,125.9,90.0,310.0,525.9,525.9,1.0,1.0,0.8772153153380493,0.4,1.0,1.0,0.8,0.07000000000000006,256,26
hybrid_k5_rerank,q016,compliance,5.0,true,hybrid,5.7e-07,2e-05,6.3e-05,8.357e-05,8.357e-05,125.9,90.0,310.0,525.9,525.9,1.0,1.0,1.0,0.2,1.0,0.9818181818181818,1.0,0.011818181818181839,256,26
hybrid_k5_rerank,q017,vendor_risk,5.0,true,hybrid,5.7e-07,2e-05,6.336e-05,8.393e-05,8.393e-05,125.9,90.0,310.0,525.9,525.9,1.0,1.0,1.0,0.2,1.0,1.0,1.0,0.0,256,26
hybrid_k5_rerank,q018,compliance,5.0,true,hybrid,5.7e-07,2e-05,6.204e-05,8.261e-05,8.261e-05,125.9,90.0,310.0,525.9,525.9,0.0,0.0,0.0,0.0,0.0,0.9818181818181818,1.0,0.011818181818181839,256,26
hybrid_k5_rerank,q019,policy_reasoning,5.0,true,hybrid,5.7e-07,2e-05,6.372e-05,8.429e-05,8.429e-05,125.9,90.0,310.0,525.9,525.9,0.0,0.0,0.0,0.0,0.0,1.0,0.8,0.07000000000000006,256,26
hybrid_k5_rerank,q020,cost_latency,5.0,true,hybrid,5.7e-07,2e-05,6.492e-05,8.549e-05,8.549e-05,125.9,90.0,310.0,525.9,525.9,1.0,1.0,1.0,0.2,1.0,0.9827586206896551,1.0,0.011206896551724133,256,26
hybrid_k5_rerank,q021,cost_latency,5.0,true,hybrid,5.7e-07,2e-05,6.48e-05,8.537e-05,8.537e-05,125.9,90.0,310.0,525.9,525.9,1.0,1.0,1.0,0.2,1.0,1.0,1.0,0.0,256,26
hybrid_k5_rerank,q022,cost_latency,5.0,true,hybrid,5.7e-07,2e-05,6.264e-05,8.321e-05,8.321e-05,125.9,90.0,310.0,525.9,525.9,1.0,1.0,1.0,0.2,1.0,1.0,1.0,0.0,256,26
hybrid_k5_rerank,q023,policy_reasoning,5.0,true,hybrid,5.7e-07,2e-05,6.276e-05,8.333e-05,8.333e-05,125.9,90.0,310.0,525.9,525.9,0.5,0.5,0.38685280723454163,0.2,0.5,1.0,1.0,0.0,256,26
hybrid_k5_rerank,q024,compliance,5.0,true,hybrid,5.7e-07,2e-05,6.228e-05,8.285e-05,8.285e-05,125.9,90.0,310.0,525.9,525.9,1.0,1.0,1.0,0.2,1.0,0.9824561403508771,1.0,0.01140350877192986,256,26
hybrid_k5_rerank,q025,fact_lookup,5.0,true,hybrid,5.7e-07,2e-05,6.204e-05,8.261e-05,8.261e-05,125.9,90.0,310.0,525.9,525.9,1.0,1.0,1.0,0.2,1.0,1.0,1.0,0.0,256,26
hybrid_k5_rerank,q026,vendor_risk,5.0,true,hybrid,5.7e-07,2e-05,6.252e-05,8.309e-05,8.309e-05,125.9,90.0,310.0,525.9,525.9,1.0,1.0,1.0,0.2,1.0,0.9811320754716981,1.0,0.01226415094339628,256,26
hybrid_k5_rerank,q027,vendor_risk,5.0,true,hybrid,5.7e-07,2e-05,6.228e-05,8.285e-05,8.285e-05,125.9,90.0,310.0,525.9,525.9,1.0,1.0,1.0,0.2,1.0,0.9814814814814815,1.0,0.012037037037037068,256,26
hybrid_k5_rerank,q028,policy_reasoning,5.0,true,hybrid,5.7e-07,2e-05,6.156e-05,8.213e-05,8.213e-05,125.9,90.0,310.0,525.9,525.9,1.0,1.0,1.0,0.2,1.0,0.9850746268656716,1.0,0.00970149253731345,256,26
hybrid_k5_rerank,q029,policy_reasoning,5.0,true,hybrid,5.7e-07,2e-05,6.312e-05,8.369e-05,8.369e-05,125.9,90.0,310.0,525.9,525.9,1.0,1.0,1.0,0.2,1.0,1.0,1.0,0.0,256,26
hybrid_k5_rerank,q030,ambiguous,5.0,true,hybrid,5.7e-07,2e-05,6.324e-05,8.381e-05,8.381e-05,125.9,90.0,310.0,525.9,525.9,1.0,1.0,0.9197207891481876,0.4,1.0,0.9852941176470589,0.8,0.07955882352941179,256,26
hybrid_k5_rerank,q031,cloud_operations,5.0,true,hybrid,5.7e-07,2e-05,6.312e-05,8.369e-05,8.369e-05,125.9,90.0,310.0,525.9,525.9,1.0,1.0,1.0,0.2,1.0,0.9787234042553191,1.0,0.013829787234042601,256,26
hybrid_k5_rerank,q032,cloud_operations,5.0,true,hybrid,5.7e-07,2e-05,6.216e-05,8.273e-05,8.273e-05,125.9,90.0,310.0,525.9,525.9,1.0,1.0,1.0,0.2,1.0,1.0,0.8,0.07000000000000006,256,26
hybrid_k5_rerank,q033,cost_latency,5.0,true,hybrid,5.7e-07,2e-05,6.252e-05,8.309e-05,8.309e-05,125.9,90.0,310.0,525.9,525.9,1.0,1.0,1.0,0.2,1.0,0.9836065573770492,1.0,0.010655737704918011,256,26
hybrid_k5_rerank,q034,compliance,5.0,true,hybrid,5.7e-07,2e-05,6.108e-05,8.165e-05,8.165e-05,125.9,90.0,310.0,525.9,525.9,1.0,1.0,1.0,0.2,1.0,0.9855072463768116,1.0,0.009420289855072483,256,26
hybrid_k5_rerank,q035,policy_reasoning,5.0,true,hybrid,5.7e-07,2e-05,6.372e-05,8.429e-05,8.429e-05,125.9,90.0,310.0,525.9,525.9,1.0,1.0,1.0,0.2,1.0,0.9821428571428571,1.0,0.011607142857142927,256,26
hybrid_k5_rerank,q036,policy_reasoning,5.0,true,hybrid,5.7e-07,2e-05,6.432e-05,8.489e-05,8.489e-05,125.9,90.0,310.0,525.9,525.9,1.0,1.0,1.0,0.2,1.0,0.9836065573770492,1.0,0.010655737704918011,256,26
hybrid_k5_rerank,q037,fact_lookup,5.0,true,hybrid,5.7e-07,2e-05,6.384e-05,8.441e-05,8.441e-05,125.9,90.0,310.0,525.9,525.9,0.0,0.0,0.0,0.0,0.0,1.0,1.0,0.0,256,26
hybrid_k5_rerank,q038,compliance,5.0,true,hybrid,5.7e-07,2e-05,6.216e-05,8.273e-05,8.273e-05,125.9,90.0,310.0,525.9,525.9,1.0,1.0,1.0,0.2,1.0,1.0,1.0,0.0,256,26
hybrid_k5_rerank,q039,multi_hop,5.0,true,hybrid,5.7e-07,2e-05,6.36e-05,8.417e-05,8.417e-05,125.9,90.0,310.0,525.9,525.9,1.0,0.5,0.7328286204777911,0.6,1.0,0.9830508474576272,0.6,0.15101694915254238,256,26
hybrid_k5_rerank,q040,multi_hop,5.0,true,hybrid,5.7e-07,2e-05,6.468e-05,8.525e-05,8.525e-05,125.9,90.0,310.0,525.9,525.9,0.6666666666666666,1.0,0.6713860725233041,0.4,0.6666666666666666,0.9814814814814815,1.0,0.012037037037037068,256,26
hybrid_k5_rerank,q041,stale_context,5.0,true,hybrid,5.7e-07,2e-05,6.288e-05,8.345e-05,8.345e-05,125.9,90.0,310.0,525.9,525.9,1.0,1.0,0.8503449055347546,0.4,1.0,0.9838709677419355,1.0,0.010483870967741948,256,26
hybrid_k5_rerank,q042,ambiguous,5.0,true,hybrid,5.7e-07,2e-05,6.408e-05,8.465e-05,8.465e-05,125.9,90.0,310.0,525.9,525.9,0.5,0.3333333333333333,0.3065735963827292,0.2,0.5,0.984375,0.6,0.15015625,256,26
hybrid_k5_rerank,q043,ambiguous,5.0,true,hybrid,5.7e-07,2e-05,6.408e-05,8.465e-05,8.465e-05,125.9,90.0,310.0,525.9,525.9,0.6666666666666666,1.0,0.6713860725233041,0.4,0.6666666666666666,0.9818181818181818,0.8,0.08181818181818179,256,26
hybrid_k5_rerank,q044,cost_latency,5.0,true,hybrid,5.7e-07,2e-05,6.372e-05,8.429e-05,8.429e-05,125.9,90.0,310.0,525.9,525.9,1.0,1.0,1.0,0.2,1.0,1.0,1.0,0.0,256,26
hybrid_k5_rerank,q045,multi_hop,5.0,true,hybrid,5.7e-07,2e-05,6.3e-05,8.357e-05,8.357e-05,125.9,90.0,310.0,525.9,525.9,1.0,1.0,0.9197207891481876,0.4,1.0,0.9824561403508771,1.0,0.01140350877192986,256,26
hybrid_k5_rerank,q046,vendor_risk,5.0,true,hybrid,5.7e-07,2e-05,6.216e-05,8.273e-05,8.273e-05,125.9,90.0,310.0,525.9,525.9,1.0,1.0,1.0,0.2,1.0,0.9807692307692307,1.0,0.012500000000000067,256,26
hybrid_k5_rerank,q047,cloud_operations,5.0,true,hybrid,5.7e-07,2e-05,6.336e-05,8.393e-05,8.393e-05,125.9,90.0,310.0,525.9,525.9,0.0,0.0,0.0,0.0,0.0,1.0,1.0,0.0,256,26
hybrid_k5_rerank,q048,fact_lookup,5.0,true,hybrid,5.7e-07,2e-05,6.408e-05,8.465e-05,8.465e-05,125.9,90.0,310.0,525.9,525.9,1.0,1.0,1.0,0.2,1.0,0.9855072463768116,0.75,0.0969202898550725,256,26
hybrid_k5_rerank,q049,policy_reasoning,5.0,true,hybrid,5.7e-07,2e-05,6.168e-05,8.225e-05,8.225e-05,125.9,90.0,310.0,525.9,525.9,0.5,0.3333333333333333,0.3065735963827292,0.2,0.5,0.9818181818181818,1.0,0.011818181818181839,256,26
hybrid_k5_rerank,q050,compliance,5.0,true,hybrid,5.7e-07,2e-05,6.384e-05,8.441e-05,8.441e-05,125.9,90.0,310.0,525.9,525.9,1.0,1.0,1.0,0.2,1.0,0.9838709677419355,0.8,0.08048387096774201,256,26
hybrid_k5_rerank,q051,stale_context,5.0,true,hybrid,5.7e-07,2e-05,6.492e-05,8.549e-05,8.549e-05,125.9,90.0,310.0,525.9,525.9,0.0,0.0,0.0,0.0,0.0,0.9841269841269841,1.0,0.010317460317460392,256,26
hybrid_k5_rerank,q052,fact_lookup,5.0,true,hybrid,5.7e-07,2e-05,6.324e-05,8.381e-05,8.381e-05,125.9,90.0,310.0,525.9,525.9,0.0,0.0,0.0,0.0,0.0,1.0,1.0,0.0,256,26
hybrid_k5_rerank,q053,cost_latency,5.0,true,hybrid,5.7e-07,2e-05,6.36e-05,8.417e-05,8.417e-05,125.9,90.0,310.0,525.9,525.9,1.0,1.0,1.0,0.2,1.0,1.0,1.0,0.0,256,26
hybrid_k5_rerank,q054,compliance,5.0,true,hybrid,5.7e-07,2e-05,6.348e-05,8.405e-05,8.405e-05,125.9,90.0,310.0,525.9,525.9,0.0,0.0,0.0,0.0,0.0,0.9833333333333333,1.0,0.010833333333333361,256,26
hybrid_k5_rerank,q055,policy_reasoning,5.0,true,hybrid,5.7e-07,2e-05,6.312e-05,8.369e-05,8.369e-05,125.9,90.0,310.0,525.9,525.9,0.5,1.0,0.6131471927654584,0.2,0.5,0.9846153846153847,0.8,0.08000000000000007,256,26
hybrid_k5_rerank,q056,multi_hop,5.0,true,hybrid,5.7e-07,2e-05,6.42e-05,8.477e-05,8.477e-05,125.9,90.0,310.0,525.9,525.9,0.3333333333333333,1.0,0.46927872602275644,0.2,0.3333333333333333,0.9852941176470589,0.6,0.14955882352941174,256,26
hybrid_dense_hash_k5_rerank,q001,fact_lookup,5.0,true,hybrid_dense_hash,1.77e-06,2e-05,6.384e-05,8.561e-05,8.561e-05,141.9,90.0,310.0,541.9,541.9,1.0,0.3333333333333333,0.5706417189553201,0.4,1.0,0.9836065573770492,0.8,0.08065573770491796,256,26
hybrid_dense_hash_k5_rerank,q002,fact_lookup,5.0,true,hybrid_dense_hash,1.77e-06,2e-05,6.384e-05,8.561e-05,8.561e-05,141.9,90.0,310.0,541.9,541.9,1.0,1.0,1.0,0.2,1.0,0.9846153846153847,1.0,0.010000000000000009,256,26
hybrid_dense_hash_k5_rerank,q003,stale_context,5.0,true,hybrid_dense_hash,1.77e-06,2e-05,6.36e-05,8.537e-05,8.537e-05,141.9,90.0,310.0,541.9,541.9,0.5,0.5,0.38685280723454163,0.2,0.5,0.9838709677419355,0.8,0.08048387096774201,256,26
hybrid_dense_hash_k5_rerank,q004,fact_lookup,5.0,true,hybrid_dense_hash,1.77e-06,2e-05,6.336e-05,8.513e-05,8.513e-05,141.9,90.0,310.0,541.9,541.9,1.0,1.0,1.0,0.2,1.0,1.0,1.0,0.0,256,26
hybrid_dense_hash_k5_rerank,q005,fact_lookup,5.0,true,hybrid_dense_hash,1.77e-06,2e-05,6.372e-05,8.549e-05,8.549e-05,141.9,90.0,310.0,541.9,541.9,1.0,1.0,1.0,0.2,1.0,0.9841269841269841,1.0,0.010317460317460392,256,26
hybrid_dense_hash_k5_rerank,q006,compliance,5.0,true,hybrid_dense_hash,1.77e-06,2e-05,6.48e-05,8.657e-05,8.657e-05,141.9,90.0,310.0,541.9,541.9,1.0,1.0,1.0,0.2,1.0,0.9833333333333333,1.0,0.010833333333333361,256,26
hybrid_dense_hash_k5_rerank,q007,fact_lookup,5.0,true,hybrid_dense_hash,1.77e-06,2e-05,6.372e-05,8.549e-05,8.549e-05,141.9,90.0,310.0,541.9,541.9,1.0,1.0,1.0,0.2,1.0,1.0,1.0,0.0,256,26
hybrid_dense_hash_k5_rerank,q008,policy_reasoning,5.0,true,hybrid_dense_hash,1.77e-06,2e-05,6.324e-05,8.501e-05,8.501e-05,141.9,90.0,310.0,541.9,541.9,1.0,0.25,0.43067655807339306,0.2,1.0,0.9836065573770492,0.16666666666666666,0.30232240437158464,256,26
hybrid_dense_hash_k5_rerank,q009,cost_latency,5.0,true,hybrid_dense_hash,1.77e-06,2e-05,6.444e-05,8.621e-05,8.621e-05,141.9,90.0,310.0,541.9,541.9,1.0,1.0,1.0,0.4,1.0,0.9827586206896551,1.0,0.011206896551724133,256,26
hybrid_dense_hash_k5_rerank,q010,compliance,5.0,true,hybrid_dense_hash,1.77e-06,2e-05,6.336e-05,8.513e-05,8.513e-05,141.9,90.0,310.0,541.9,541.9,1.0,1.0,1.0,0.2,1.0,0.984375,1.0,0.010156249999999978,256,26
hybrid_dense_hash_k5_rerank,q011,fact_lookup,5.0,true,hybrid_dense_hash,1.77e-06,2e-05,6.42e-05,8.597e-05,8.597e-05,141.9,90.0,310.0,541.9,541.9,1.0,1.0,1.0,0.2,1.0,0.9838709677419355,1.0,0.010483870967741948,256,26
hybrid_dense_hash_k5_rerank,q012,policy_reasoning,5.0,true,hybrid_dense_hash,1.77e-06,2e-05,6.456e-05,8.633e-05,8.633e-05,141.9,90.0,310.0,541.9,541.9,1.0,1.0,1.0,0.2,1.0,1.0,1.0,0.0,256,26
hybrid_dense_hash_k5_rerank,q013,compliance,5.0,true,hybrid_dense_hash,1.77e-06,2e-05,6.408e-05,8.585e-05,8.585e-05,141.9,90.0,310.0,541.9,541.9,1.0,1.0,1.0,0.2,1.0,0.984375,0.75,0.09765625,256,26
hybrid_dense_hash_k5_rerank,q014,fact_lookup,5.0,true,hybrid_dense_hash,1.77e-06,2e-05,6.372e-05,8.549e-05,8.549e-05,141.9,90.0,310.0,541.9,541.9,1.0,1.0,1.0,0.2,1.0,0.9838709677419355,1.0,0.010483870967741948,256,26
hybrid_dense_hash_k5_rerank,q015,multi_hop,5.0,true,hybrid_dense_hash,1.77e-06,2e-05,6.42e-05,8.597e-05,8.597e-05,141.9,90.0,310.0,541.9,541.9,0.5,1.0,0.6131471927654584,0.2,0.5,1.0,0.8,0.07000000000000006,256,26
hybrid_dense_hash_k5_rerank,q016,compliance,5.0,true,hybrid_dense_hash,1.77e-06,2e-05,6.204e-05,8.381e-05,8.381e-05,141.9,90.0,310.0,541.9,541.9,1.0,1.0,1.0,0.2,1.0,0.9818181818181818,1.0,0.011818181818181839,256,26
hybrid_dense_hash_k5_rerank,q017,vendor_risk,5.0,true,hybrid_dense_hash,1.77e-06,2e-05,6.288e-05,8.465e-05,8.465e-05,141.9,90.0,310.0,541.9,541.9,1.0,1.0,1.0,0.2,1.0,1.0,1.0,0.0,256,26
hybrid_dense_hash_k5_rerank,q018,compliance,5.0,true,hybrid_dense_hash,1.77e-06,2e-05,6.204e-05,8.381e-05,8.381e-05,141.9,90.0,310.0,541.9,541.9,0.0,0.0,0.0,0.0,0.0,0.9818181818181818,1.0,0.011818181818181839,256,26
hybrid_dense_hash_k5_rerank,q019,policy_reasoning,5.0,true,hybrid_dense_hash,1.77e-06,2e-05,6.36e-05,8.537e-05,8.537e-05,141.9,90.0,310.0,541.9,541.9,0.0,0.0,0.0,0.0,0.0,1.0,0.8,0.07000000000000006,256,26
hybrid_dense_hash_k5_rerank,q020,cost_latency,5.0,true,hybrid_dense_hash,1.77e-06,2e-05,6.528e-05,8.705e-05,8.705e-05,141.9,90.0,310.0,541.9,541.9,1.0,1.0,1.0,0.2,1.0,0.9824561403508771,1.0,0.01140350877192986,256,26
hybrid_dense_hash_k5_rerank,q021,cost_latency,5.0,true,hybrid_dense_hash,1.77e-06,2e-05,6.48e-05,8.657e-05,8.657e-05,141.9,90.0,310.0,541.9,541.9,1.0,1.0,1.0,0.2,1.0,1.0,1.0,0.0,256,26
hybrid_dense_hash_k5_rerank,q022,cost_latency,5.0,true,hybrid_dense_hash,1.77e-06,2e-05,6.312e-05,8.489e-05,8.489e-05,141.9,90.0,310.0,541.9,541.9,1.0,1.0,1.0,0.2,1.0,0.9836065573770492,1.0,0.010655737704918011,256,26
hybrid_dense_hash_k5_rerank,q023,policy_reasoning,5.0,true,hybrid_dense_hash,1.77e-06,2e-05,6.264e-05,8.441e-05,8.441e-05,141.9,90.0,310.0,541.9,541.9,0.5,0.5,0.38685280723454163,0.2,0.5,1.0,1.0,0.0,256,26
hybrid_dense_hash_k5_rerank,q024,compliance,5.0,true,hybrid_dense_hash,1.77e-06,2e-05,6.276e-05,8.453e-05,8.453e-05,141.9,90.0,310.0,541.9,541.9,1.0,1.0,1.0,0.2,1.0,1.0,1.0,0.0,256,26
hybrid_dense_hash_k5_rerank,q025,fact_lookup,5.0,true,hybrid_dense_hash,1.77e-06,2e-05,6.18e-05,8.357e-05,8.357e-05,141.9,90.0,310.0,541.9,541.9,1.0,1.0,1.0,0.2,1.0,0.9846153846153847,1.0,0.010000000000000009,256,26
hybrid_dense_hash_k5_rerank,q026,vendor_risk,5.0,true,hybrid_dense_hash,1.77e-06,2e-05,6.348e-05,8.525e-05,8.525e-05,141.9,90.0,310.0,541.9,541.9,1.0,1.0,1.0,0.2,1.0,0.9811320754716981,1.0,0.01226415094339628,256,26
hybrid_dense_hash_k5_rerank,q027,vendor_risk,5.0,true,hybrid_dense_hash,1.77e-06,2e-05,6.264e-05,8.441e-05,8.441e-05,141.9,90.0,310.0,541.9,541.9,1.0,1.0,1.0,0.2,1.0,0.9824561403508771,1.0,0.01140350877192986,256,26
hybrid_dense_hash_k5_rerank,q028,policy_reasoning,5.0,true,hybrid_dense_hash,1.77e-06,2e-05,6.156e-05,8.333e-05,8.333e-05,141.9,90.0,310.0,541.9,541.9,1.0,0.3333333333333333,0.5,0.2,1.0,1.0,1.0,0.0,256,26
hybrid_dense_hash_k5_rerank,q029,policy_reasoning,5.0,true,hybrid_dense_hash,1.77e-06,2e-05,6.372e-05,8.549e-05,8.549e-05,141.9,90.0,310.0,541.9,541.9,1.0,1.0,1.0,0.2,1.0,1.0,1.0,0.0,256,26
hybrid_dense_hash_k5_rerank,q030,ambiguous,5.0,true,hybrid_dense_hash,1.77e-06,2e-05,6.192e-05,8.369e-05,8.369e-05,141.9,90.0,310.0,541.9,541.9,1.0,1.0,0.8772153153380493,0.4,1.0,0.984375,0.4,0.22015624999999994,256,26
hybrid_dense_hash_k5_rerank,q031,cloud_operations,5.0,true,hybrid_dense_hash,1.77e-06,2e-05,6.336e-05,8.513e-05,8.513e-05,141.9,90.0,310.0,541.9,541.9,1.0,1.0,1.0,0.2,1.0,0.9827586206896551,1.0,0.011206896551724133,256,26
hybrid_dense_hash_k5_rerank,q032,cloud_operations,5.0,true,hybrid_dense_hash,1.77e-06,2e-05,6.24e-05,8.417e-05,8.417e-05,141.9,90.0,310.0,541.9,541.9,1.0,1.0,1.0,0.2,1.0,1.0,0.8,0.07000000000000006,256,26
hybrid_dense_hash_k5_rerank,q033,cost_latency,5.0,true,hybrid_dense_hash,1.77e-06,2e-05,6.252e-05,8.429e-05,8.429e-05,141.9,90.0,310.0,541.9,541.9,1.0,1.0,1.0,0.2,1.0,0.9838709677419355,1.0,0.010483870967741948,256,26
hybrid_dense_hash_k5_rerank,q034,compliance,5.0,true,hybrid_dense_hash,1.77e-06,2e-05,6.204e-05,8.381e-05,8.381e-05,141.9,90.0,310.0,541.9,541.9,1.0,1.0,1.0,0.2,1.0,0.9857142857142858,1.0,0.00928571428571423,256,26
hybrid_dense_hash_k5_rerank,q035,policy_reasoning,5.0,true,hybrid_dense_hash,1.77e-06,2e-05,6.372e-05,8.549e-05,8.549e-05,141.9,90.0,310.0,541.9,541.9,1.0,1.0,1.0,0.2,1.0,0.9821428571428571,1.0,0.011607142857142927,256,26
hybrid_dense_hash_k5_rerank,q036,policy_reasoning,5.0,true,hybrid_dense_hash,1.77e-06,2e-05,6.348e-05,8.525e-05,8.525e-05,141.9,90.0,310.0,541.9,541.9,1.0,1.0,1.0,0.2,1.0,1.0,1.0,0.0,256,26
hybrid_dense_hash_k5_rerank,q037,fact_lookup,5.0,true,hybrid_dense_hash,1.77e-06,2e-05,6.432e-05,8.609e-05,8.609e-05,141.9,90.0,310.0,541.9,541.9,0.0,0.0,0.0,0.0,0.0,1.0,1.0,0.0,256,26
hybrid_dense_hash_k5_rerank,q038,compliance,5.0,true,hybrid_dense_hash,1.77e-06,2e-05,6.24e-05,8.417e-05,8.417e-05,141.9,90.0,310.0,541.9,541.9,1.0,1.0,1.0,0.2,1.0,1.0,1.0,0.0,256,26
hybrid_dense_hash_k5_rerank,q039,multi_hop,5.0,true,hybrid_dense_hash,1.77e-06,2e-05,6.432e-05,8.609e-05,8.609e-05,141.9,90.0,310.0,541.9,541.9,0.6666666666666666,0.5,0.5307212739772434,0.4,0.6666666666666666,0.9830508474576272,0.6,0.15101694915254238,256,26
hybrid_dense_hash_k5_rerank,q040,multi_hop,5.0,true,hybrid_dense_hash,1.77e-06,2e-05,6.468e-05,8.645e-05,8.645e-05,141.9,90.0,310.0,541.9,541.9,0.6666666666666666,1.0,0.6713860725233041,0.4,0.6666666666666666,0.9818181818181818,1.0,0.011818181818181839,256,26
hybrid_dense_hash_k5_rerank,q041,stale_context,5.0,true,hybrid_dense_hash,1.77e-06,2e-05,6.276e-05,8.453e-05,8.453e-05,141.9,90.0,310.0,541.9,541.9,0.5,1.0,0.6131471927654584,0.2,0.5,0.9838709677419355,1.0,0.010483870967741948,256,26
hybrid_dense_hash_k5_rerank,q042,ambiguous,5.0,true,hybrid_dense_hash,1.77e-06,2e-05,6.348e-05,8.525e-05,8.525e-05,141.9,90.0,310.0,541.9,541.9,0.0,0.0,0.0,0.0,0.0,0.984375,0.2,0.29015625,256,26
hybrid_dense_hash_k5_rerank,q043,ambiguous,5.0,true,hybrid_dense_hash,1.77e-06,2e-05,6.264e-05,8.441e-05,8.441e-05,141.9,90.0,310.0,541.9,541.9,0.6666666666666666,1.0,0.7653606369886217,0.4,0.6666666666666666,1.0,0.8,0.07000000000000006,256,26
hybrid_dense_hash_k5_rerank,q044,cost_latency,5.0,true,hybrid_dense_hash,1.77e-06,2e-05,6.396e-05,8.573e-05,8.573e-05,141.9,90.0,310.0,541.9,541.9,1.0,1.0,1.0,0.2,1.0,1.0,1.0,0.0,256,26
hybrid_dense_hash_k5_rerank,q045,multi_hop,5.0,true,hybrid_dense_hash,1.77e-06,2e-05,6.336e-05,8.513e-05,8.513e-05,141.9,90.0,310.0,541.9,541.9,0.5,1.0,0.6131471927654584,0.2,0.5,1.0,0.8,0.07000000000000006,256,26
hybrid_dense_hash_k5_rerank,q046,vendor_risk,5.0,true,hybrid_dense_hash,1.77e-06,2e-05,6.3e-05,8.477e-05,8.477e-05,141.9,90.0,310.0,541.9,541.9,1.0,1.0,1.0,0.2,1.0,0.9807692307692307,1.0,0.012500000000000067,256,26
hybrid_dense_hash_k5_rerank,q047,cloud_operations,5.0,true,hybrid_dense_hash,1.77e-06,2e-05,6.252e-05,8.429e-05,8.429e-05,141.9,90.0,310.0,541.9,541.9,0.0,0.0,0.0,0.0,0.0,0.9841269841269841,1.0,0.010317460317460392,256,26
hybrid_dense_hash_k5_rerank,q048,fact_lookup,5.0,true,hybrid_dense_hash,1.77e-06,2e-05,6.42e-05,8.597e-05,8.597e-05,141.9,90.0,310.0,541.9,541.9,1.0,1.0,1.0,0.2,1.0,0.9848484848484849,0.75,0.0973484848484849,256,26
hybrid_dense_hash_k5_rerank,q049,policy_reasoning,5.0,true,hybrid_dense_hash,1.77e-06,2e-05,6.216e-05,8.393e-05,8.393e-05,141.9,90.0,310.0,541.9,541.9,0.5,0.3333333333333333,0.3065735963827292,0.2,0.5,0.9818181818181818,1.0,0.011818181818181839,256,26
hybrid_dense_hash_k5_rerank,q050,compliance,5.0,true,hybrid_dense_hash,1.77e-06,2e-05,6.384e-05,8.561e-05,8.561e-05,141.9,90.0,310.0,541.9,541.9,1.0,1.0,1.0,0.2,1.0,0.9838709677419355,0.8,0.08048387096774201,256,26
hybrid_dense_hash_k5_rerank,q051,stale_context,5.0,true,hybrid_dense_hash,1.77e-06,2e-05,6.432e-05,8.609e-05,8.609e-05,141.9,90.0,310.0,541.9,541.9,0.0,0.0,0.0,0.0,0.0,0.9848484848484849,1.0,0.009848484848484884,256,26
hybrid_dense_hash_k5_rerank,q052,fact_lookup,5.0,true,hybrid_dense_hash,1.77e-06,2e-05,6.408e-05,8.585e-05,8.585e-05,141.9,90.0,310.0,541.9,541.9,0.0,0.0,0.0,0.0,0.0,0.984375,1.0,0.010156249999999978,256,26
hybrid_dense_hash_k5_rerank,q053,cost_latency,5.0,true,hybrid_dense_hash,1.77e-06,2e-05,6.456e-05,8.633e-05,8.633e-05,141.9,90.0,310.0,541.9,541.9,1.0,1.0,1.0,0.2,1.0,1.0,1.0,0.0,256,26
hybrid_dense_hash_k5_rerank,q054,compliance,5.0,true,hybrid_dense_hash,1.77e-06,2e-05,6.42e-05,8.597e-05,8.597e-05,141.9,90.0,310.0,541.9,541.9,0.0,0.0,0.0,0.0,0.0,0.9848484848484849,1.0,0.009848484848484884,256,26
hybrid_dense_hash_k5_rerank,q055,policy_reasoning,5.0,true,hybrid_dense_hash,1.77e-06,2e-05,6.276e-05,8.453e-05,8.453e-05,141.9,90.0,310.0,541.9,541.9,0.5,1.0,0.6131471927654584,0.2,0.5,1.0,0.6,0.14,256,26
hybrid_dense_hash_k5_rerank,q056,multi_hop,5.0,true,hybrid_dense_hash,1.77e-06,2e-05,6.54e-05,8.717e-05,8.717e-05,141.9,90.0,310.0,541.9,541.9,0.3333333333333333,0.5,0.2960819109658652,0.2,0.3333333333333333,0.9857142857142858,0.6,0.14928571428571424,256,26
lexical_k5_rerank,q001,fact_lookup,5.0,true,lexical,5.7e-07,2e-05,2.592e-05,4.649e-05,4.649e-05,125.9,90.0,180.0,395.9,395.9,0.5,0.3333333333333333,0.3065735963827292,0.2,0.5,0.9791666666666666,0.2,0.2935416666666667,512,51
lexical_k5_rerank,q002,fact_lookup,5.0,true,lexical,5.7e-07,2e-05,2.736e-05,4.793e-05,4.793e-05,125.9,90.0,180.0,395.9,395.9,1.0,1.0,1.0,0.2,1.0,0.9787234042553191,1.0,0.013829787234042601,512,51
lexical_k5_rerank,q003,stale_context,5.0,true,lexical,5.7e-07,2e-05,2.64e-05,4.697e-05,4.697e-05,125.9,90.0,180.0,395.9,395.9,0.5,0.5,0.38685280723454163,0.2,0.5,0.9787234042553191,0.8,0.08382978723404255,512,51
lexical_k5_rerank,q004,fact_lookup,5.0,true,lexical,5.7e-07,2e-05,2.664e-05,4.721e-05,4.721e-05,125.9,90.0,180.0,395.9,395.9,1.0,1.0,1.0,0.2,1.0,1.0,1.0,0.0,512,51
lexical_k5_rerank,q005,fact_lookup,5.0,true,lexical,5.7e-07,2e-05,2.64e-05,4.697e-05,4.697e-05,125.9,90.0,180.0,395.9,395.9,1.0,1.0,1.0,0.2,1.0,1.0,1.0,0.0,512,51
lexical_k5_rerank,q006,compliance,5.0,true,lexical,5.7e-07,2e-05,2.72e-05,4.777e-05,4.777e-05,125.9,90.0,180.0,395.9,395.9,1.0,1.0,1.0,0.2,1.0,0.9772727272727273,1.0,0.01477272727272727,512,51
lexical_k5_rerank,q007,fact_lookup,5.0,true,lexical,5.7e-07,2e-05,2.688e-05,4.745e-05,4.745e-05,125.9,90.0,180.0,395.9,395.9,1.0,1.0,1.0,0.2,1.0,1.0,1.0,0.0,512,51
lexical_k5_rerank,q008,policy_reasoning,5.0,true,lexical,5.7e-07,2e-05,2.584e-05,4.641e-05,4.641e-05,125.9,90.0,180.0,395.9,395.9,1.0,0.5,0.6309297535714575,0.2,1.0,0.9782608695652174,0.6666666666666666,0.13079710144927537,512,51
lexical_k5_rerank,q009,cost_latency,5.0,true,lexical,5.7e-07,2e-05,2.696e-05,4.753e-05,4.753e-05,125.9,90.0,180.0,395.9,395.9,1.0,1.0,1.0,0.4,1.0,1.0,1.0,0.0,512,51
lexical_k5_rerank,q010,compliance,5.0,true,lexical,5.7e-07,2e-05,2.6e-05,4.657e-05,4.657e-05,125.9,90.0,180.0,395.9,395.9,1.0,1.0,1.0,0.2,1.0,1.0,1.0,0.0,512,51
lexical_k5_rerank,q011,fact_lookup,5.0,true,lexical,5.7e-07,2e-05,2.664e-05,4.721e-05,4.721e-05,125.9,90.0,180.0,395.9,395.9,1.0,1.0,1.0,0.2,1.0,0.9782608695652174,1.0,0.01413043478260867,512,51
lexical_k5_rerank,q012,policy_reasoning,5.0,true,lexical,5.7e-07,2e-05,2.704e-05,4.761e-05,4.761e-05,125.9,90.0,180.0,395.9,395.9,1.0,1.0,1.0,0.2,1.0,0.972972972972973,1.0,0.0175675675675675,512,51
lexical_k5_rerank,q013,compliance,5.0,true,lexical,5.7e-07,2e-05,2.616e-05,4.673e-05,4.673e-05,125.9,90.0,180.0,395.9,395.9,1.0,0.5,0.6309297535714575,0.2,1.0,0.9772727272727273,0.75,0.10227272727272729,512,51
lexical_k5_rerank,q014,fact_lookup,5.0,true,lexical,5.7e-07,2e-05,2.616e-05,4.673e-05,4.673e-05,125.9,90.0,180.0,395.9,395.9,1.0,1.0,1.0,0.2,1.0,1.0,1.0,0.0,512,51
lexical_k5_rerank,q015,multi_hop,5.0,true,lexical,5.7e-07,2e-05,2.656e-05,4.713e-05,4.713e-05,125.9,90.0,180.0,395.9,395.9,1.0,1.0,0.8772153153380493,0.4,1.0,1.0,0.8,0.07000000000000006,512,51
lexical_k5_rerank,q016,compliance,5.0,true,lexical,5.7e-07,2e-05,2.6e-05,4.657e-05,4.657e-05,125.9,90.0,180.0,395.9,395.9,1.0,1.0,1.0,0.2,1.0,0.975609756097561,1.0,0.01585365853658538,512,51
lexical_k5_rerank,q017,vendor_risk,5.0,true,lexical,5.7e-07,2e-05,2.624e-05,4.681e-05,4.681e-05,125.9,90.0,180.0,395.9,395.9,1.0,1.0,1.0,0.2,1.0,0.975609756097561,1.0,0.01585365853658538,512,51
lexical_k5_rerank,q018,compliance,5.0,true,lexical,5.7e-07,2e-05,2.536e-05,4.593e-05,4.593e-05,125.9,90.0,180.0,395.9,395.9,0.0,0.0,0.0,0.0,0.0,1.0,1.0,0.0,512,51
lexical_k5_rerank,q019,policy_reasoning,5.0,true,lexical,5.7e-07,2e-05,2.648e-05,4.705e-05,4.705e-05,125.9,90.0,180.0,395.9,395.9,0.0,0.0,0.0,0.0,0.0,1.0,0.8,0.07000000000000006,512,51
lexical_k5_rerank,q020,cost_latency,5.0,true,lexical,5.7e-07,2e-05,2.728e-05,4.785e-05,4.785e-05,125.9,90.0,180.0,395.9,395.9,1.0,1.0,1.0,0.2,1.0,1.0,1.0,0.0,512,51
lexical_k5_rerank,q021,cost_latency,5.0,true,lexical,5.7e-07,2e-05,2.72e-05,4.777e-05,4.777e-05,125.9,90.0,180.0,395.9,395.9,1.0,1.0,1.0,0.2,1.0,0.9767441860465116,1.0,0.015116279069767424,512,51
lexical_k5_rerank,q022,cost_latency,5.0,true,lexical,5.7e-07,2e-05,2.576e-05,4.633e-05,4.633e-05,125.9,90.0,180.0,395.9,395.9,1.0,1.0,1.0,0.2,1.0,0.9782608695652174,1.0,0.01413043478260867,512,51
lexical_k5_rerank,q023,policy_reasoning,5.0,true,lexical,5.7e-07,2e-05,2.584e-05,4.641e-05,4.641e-05,125.9,90.0,180.0,395.9,395.9,0.5,0.5,0.38685280723454163,0.2,0.5,0.9767441860465116,1.0,0.015116279069767424,512,51
lexical_k5_rerank,q024,compliance,5.0,true,lexical,5.7e-07,2e-05,2.552e-05,4.609e-05,4.609e-05,125.9,90.0,180.0,395.9,395.9,1.0,1.0,1.0,0.2,1.0,0.975609756097561,1.0,0.01585365853658538,512,51
lexical_k5_rerank,q025,fact_lookup,5.0,true,lexical,5.7e-07,2e-05,2.536e-05,4.593e-05,4.593e-05,125.9,90.0,180.0,395.9,395.9,1.0,1.0,1.0,0.2,1.0,0.9787234042553191,1.0,0.013829787234042601,512,51
lexical_k5_rerank,q026,vendor_risk,5.0,true,lexical,5.7e-07,2e-05,2.568e-05,4.625e-05,4.625e-05,125.9,90.0,180.0,395.9,395.9,1.0,1.0,1.0,0.2,1.0,0.9743589743589743,1.0,0.01666666666666672,512,51
lexical_k5_rerank,q027,vendor_risk,5.0,true,lexical,5.7e-07,2e-05,2.552e-05,4.609e-05,4.609e-05,125.9,90.0,180.0,395.9,395.9,1.0,1.0,1.0,0.2,1.0,0.9743589743589743,1.0,0.01666666666666672,512,51
lexical_k5_rerank,q028,policy_reasoning,5.0,true,lexical,5.7e-07,2e-05,2.568e-05,4.625e-05,4.625e-05,125.9,90.0,180.0,395.9,395.9,1.0,1.0,1.0,0.2,1.0,0.9791666666666666,1.0,0.013541666666666674,512,51
lexical_k5_rerank,q029,policy_reasoning,5.0,true,lexical,5.7e-07,2e-05,2.608e-05,4.665e-05,4.665e-05,125.9,90.0,180.0,395.9,395.9,1.0,1.0,1.0,0.2,1.0,0.9782608695652174,1.0,0.01413043478260867,512,51
lexical_k5_rerank,q030,ambiguous,5.0,true,lexical,5.7e-07,2e-05,2.616e-05,4.673e-05,4.673e-05,125.9,90.0,180.0,395.9,395.9,1.0,1.0,0.9197207891481876,0.4,1.0,0.9787234042553191,0.4,0.22382978723404257,512,51
lexical_k5_rerank,q031,cloud_operations,5.0,true,lexical,5.7e-07,2e-05,2.608e-05,4.665e-05,4.665e-05,125.9,90.0,180.0,395.9,395.9,1.0,1.0,1.0,0.2,1.0,1.0,1.0,0.0,512,51
lexical_k5_rerank,q032,cloud_operations,5.0,true,lexical,5.7e-07,2e-05,2.544e-05,4.601e-05,4.601e-05,125.9,90.0,180.0,395.9,395.9,1.0,1.0,1.0,0.2,1.0,1.0,0.8,0.07000000000000006,512,51
lexical_k5_rerank,q033,cost_latency,5.0,true,lexical,5.7e-07,2e-05,2.568e-05,4.625e-05,4.625e-05,125.9,90.0,180.0,395.9,395.9,1.0,1.0,1.0,0.2,1.0,0.9767441860465116,1.0,0.015116279069767424,512,51
lexical_k5_rerank,q034,compliance,5.0,true,lexical,5.7e-07,2e-05,2.472e-05,4.529e-05,4.529e-05,125.9,90.0,180.0,395.9,395.9,1.0,1.0,1.0,0.2,1.0,0.9777777777777777,1.0,0.014444444444444482,512,51
lexical_k5_rerank,q035,policy_reasoning,5.0,true,lexical,5.7e-07,2e-05,2.648e-05,4.705e-05,4.705e-05,125.9,90.0,180.0,395.9,395.9,1.0,1.0,1.0,0.2,1.0,0.9736842105263158,1.0,0.017105263157894735,512,51
lexical_k5_rerank,q036,policy_reasoning,5.0,true,lexical,5.7e-07,2e-05,2.688e-05,4.745e-05,4.745e-05,125.9,90.0,180.0,395.9,395.9,1.0,1.0,1.0,0.2,1.0,0.9767441860465116,1.0,0.015116279069767424,512,51
lexical_k5_rerank,q037,fact_lookup,5.0,true,lexical,5.7e-07,2e-05,2.656e-05,4.713e-05,4.713e-05,125.9,90.0,180.0,395.9,395.9,0.0,0.0,0.0,0.0,0.0,0.9795918367346939,1.0,0.013265306122449028,512,51
lexical_k5_rerank,q038,compliance,5.0,true,lexical,5.7e-07,2e-05,2.544e-05,4.601e-05,4.601e-05,125.9,90.0,180.0,395.9,395.9,1.0,1.0,1.0,0.2,1.0,1.0,1.0,0.0,512,51
lexical_k5_rerank,q039,multi_hop,5.0,true,lexical,5.7e-07,2e-05,2.64e-05,4.697e-05,4.697e-05,125.9,90.0,180.0,395.9,395.9,1.0,0.5,0.7328286204777911,0.6,1.0,0.9772727272727273,0.6,0.15477272727272728,512,51
lexical_k5_rerank,q040,multi_hop,5.0,true,lexical,5.7e-07,2e-05,2.712e-05,4.769e-05,4.769e-05,125.9,90.0,180.0,395.9,395.9,0.6666666666666666,1.0,0.6713860725233041,0.4,0.6666666666666666,0.975609756097561,1.0,0.01585365853658538,512,51
lexical_k5_rerank,q041,stale_context,5.0,true,lexical,5.7e-07,2e-05,2.592e-05,4.649e-05,4.649e-05,125.9,90.0,180.0,395.9,395.9,1.0,1.0,0.8503449055347546,0.4,1.0,0.9787234042553191,1.0,0.013829787234042601,512,51
lexical_k5_rerank,q042,ambiguous,5.0,true,lexical,5.7e-07,2e-05,2.672e-05,4.729e-05,4.729e-05,125.9,90.0,180.0,395.9,395.9,0.5,0.3333333333333333,0.3065735963827292,0.2,0.5,0.9782608695652174,0.2,0.2941304347826087,512,51
lexical_k5_rerank,q043,ambiguous,5.0,true,lexical,5.7e-07,2e-05,2.672e-05,4.729e-05,4.729e-05,125.9,90.0,180.0,395.9,395.9,0.6666666666666666,1.0,0.7653606369886217,0.4,0.6666666666666666,0.967741935483871,0.8,0.09096774193548396,512,51
lexical_k5_rerank,q044,cost_latency,5.0,true,lexical,5.7e-07,2e-05,2.648e-05,4.705e-05,4.705e-05,125.9,90.0,180.0,395.9,395.9,1.0,1.0,1.0,0.2,1.0,1.0,1.0,0.0,512,51
lexical_k5_rerank,q045,multi_hop,5.0,true,lexical,5.7e-07,2e-05,2.6e-05,4.657e-05,4.657e-05,125.9,90.0,180.0,395.9,395.9,1.0,1.0,0.9197207891481876,0.4,1.0,1.0,0.8,0.07000000000000006,512,51
lexical_k5_rerank,q046,vendor_risk,5.0,true,lexical,5.7e-07,2e-05,2.544e-05,4.601e-05,4.601e-05,125.9,90.0,180.0,395.9,395.9,1.0,1.0,1.0,0.2,1.0,0.9743589743589743,1.0,0.01666666666666672,512,51
lexical_k5_rerank,q047,cloud_operations,5.0,true,lexical,5.7e-07,2e-05,2.624e-05,4.681e-05,4.681e-05,125.9,90.0,180.0,395.9,395.9,0.0,0.0,0.0,0.0,0.0,1.0,1.0,0.0,512,51
lexical_k5_rerank,q048,fact_lookup,5.0,true,lexical,5.7e-07,2e-05,2.672e-05,4.729e-05,4.729e-05,125.9,90.0,180.0,395.9,395.9,1.0,1.0,1.0,0.2,1.0,0.98,0.75,0.10050000000000003,512,51
lexical_k5_rerank,q049,policy_reasoning,5.0,true,lexical,5.7e-07,2e-05,2.512e-05,4.569e-05,4.569e-05,125.9,90.0,180.0,395.9,395.9,0.5,0.3333333333333333,0.3065735963827292,0.2,0.5,0.975609756097561,1.0,0.01585365853658538,512,51
lexical_k5_rerank,q050,compliance,5.0,true,lexical,5.7e-07,2e-05,2.656e-05,4.713e-05,4.713e-05,125.9,90.0,180.0,395.9,395.9,1.0,1.0,1.0,0.2,1.0,1.0,0.8,0.07000000000000006,512,51
lexical_k5_rerank,q051,stale_context,5.0,true,lexical,5.7e-07,2e-05,2.728e-05,4.785e-05,4.785e-05,125.9,90.0,180.0,395.9,395.9,0.0,0.0,0.0,0.0,0.0,0.9787234042553191,1.0,0.013829787234042601,512,51
lexical_k5_rerank,q052,fact_lookup,5.0,true,lexical,5.7e-07,2e-05,2.616e-05,4.673e-05,4.673e-05,125.9,90.0,180.0,395.9,395.9,0.0,0.0,0.0,0.0,0.0,0.9782608695652174,1.0,0.01413043478260867,512,51
lexical_k5_rerank,q053,cost_latency,5.0,true,lexical,5.7e-07,2e-05,2.64e-05,4.697e-05,4.697e-05,125.9,90.0,180.0,395.9,395.9,1.0,1.0,1.0,0.2,1.0,0.9777777777777777,1.0,0.014444444444444482,512,51
lexical_k5_rerank,q054,compliance,5.0,true,lexical,5.7e-07,2e-05,2.632e-05,4.689e-05,4.689e-05,125.9,90.0,180.0,395.9,395.9,0.0,0.0,0.0,0.0,0.0,0.9787234042553191,1.0,0.013829787234042601,512,51
lexical_k5_rerank,q055,policy_reasoning,5.0,true,lexical,5.7e-07,2e-05,2.608e-05,4.665e-05,4.665e-05,125.9,90.0,180.0,395.9,395.9,0.5,1.0,0.6131471927654584,0.2,0.5,0.9791666666666666,0.6,0.1535416666666667,512,51
lexical_k5_rerank,q056,multi_hop,5.0,true,lexical,5.7e-07,2e-05,2.68e-05,4.737e-05,4.737e-05,125.9,90.0,180.0,395.9,395.9,0.3333333333333333,1.0,0.46927872602275644,0.2,0.3333333333333333,0.98,0.6,0.15300000000000002,512,51
hybrid_k5_rerank,q001,fact_lookup,5.0,true,hybrid,5.7e-07,2e-05,6.384e-05,8.441e-05,8.441e-05,125.9,90.0,310.0,525.9,525.9,1.0,0.3333333333333333,0.5437713091520254,0.4,1.0,1.0,0.6,0.14,512,51
hybrid_k5_rerank,q002,fact_lookup,5.0,true,hybrid,5.7e-07,2e-05,6.504e-05,8.561e-05,8.561e-05,125.9,90.0,310.0,525.9,525.9,1.0,1.0,1.0,0.2,1.0,0.9846153846153847,1.0,0.010000000000000009,512,51
hybrid_k5_rerank,q003,stale_context,5.0,true,hybrid,5.7e-07,2e-05,6.36e-05,8.417e-05,8.417e-05,125.9,90.0,310.0,525.9,525.9,0.5,0.5,0.38685280723454163,0.2,0.5,0.9838709677419355,0.8,0.08048387096774201,512,51
hybrid_k5_rerank,q004,fact_lookup,5.0,true,hybrid,5.7e-07,2e-05,6.396e-05,8.453e-05,8.453e-05,125.9,90.0,310.0,525.9,525.9,1.0,1.0,1.0,0.2,1.0,1.0,1.0,0.0,512,51
hybrid_k5_rerank,q005,fact_lookup,5.0,true,hybrid,5.7e-07,2e-05,6.36e-05,8.417e-05,8.417e-05,125.9,90.0,310.0,525.9,525.9,1.0,1.0,1.0,0.2,1.0,0.9841269841269841,1.0,0.010317460317460392,512,51
hybrid_k5_rerank,q006,compliance,5.0,true,hybrid,5.7e-07,2e-05,6.48e-05,8.537e-05,8.537e-05,125.9,90.0,310.0,525.9,525.9,1.0,1.0,1.0,0.2,1.0,0.9836065573770492,1.0,0.010655737704918011,512,51
hybrid_k5_rerank,q007,fact_lookup,5.0,true,hybrid,5.7e-07,2e-05,6.432e-05,8.489e-05,8.489e-05,125.9,90.0,310.0,525.9,525.9,1.0,1.0,1.0,0.2,1.0,0.9846153846153847,1.0,0.010000000000000009,512,51
hybrid_k5_rerank,q008,policy_reasoning,5.0,true,hybrid,5.7e-07,2e-05,6.276e-05,8.333e-05,8.333e-05,125.9,90.0,310.0,525.9,525.9,1.0,0.25,0.43067655807339306,0.2,1.0,0.9850746268656716,0.0,0.3597014925373134,512,51
hybrid_k5_rerank,q009,cost_latency,5.0,true,hybrid,5.7e-07,2e-05,6.444e-05,8.501e-05,8.501e-05,125.9,90.0,310.0,525.9,525.9,1.0,1.0,1.0,0.4,1.0,0.9827586206896551,1.0,0.011206896551724133,512,51
hybrid_k5_rerank,q010,compliance,5.0,true,hybrid,5.7e-07,2e-05,6.3e-05,8.357e-05,8.357e-05,125.9,90.0,310.0,525.9,525.9,1.0,1.0,1.0,0.2,1.0,0.984375,1.0,0.010156249999999978,512,51
hybrid_k5_rerank,q011,fact_lookup,5.0,true,hybrid,5.7e-07,2e-05,6.396e-05,8.453e-05,8.453e-05,125.9,90.0,310.0,525.9,525.9,1.0,1.0,1.0,0.2,1.0,0.9838709677419355,1.0,0.010483870967741948,512,51
hybrid_k5_rerank,q012,policy_reasoning,5.0,true,hybrid,5.7e-07,2e-05,6.42e-05,8.477e-05,8.477e-05,125.9,90.0,310.0,525.9,525.9,1.0,1.0,1.0,0.2,1.0,1.0,1.0,0.0,512,51
hybrid_k5_rerank,q013,compliance,5.0,true,hybrid,5.7e-07,2e-05,6.324e-05,8.381e-05,8.381e-05,125.9,90.0,310.0,525.9,525.9,1.0,1.0,1.0,0.2,1.0,1.0,0.75,0.08750000000000002,512,51
hybrid_k5_rerank,q014,fact_lookup,5.0,true,hybrid,5.7e-07,2e-05,6.324e-05,8.381e-05,8.381e-05,125.9,90.0,310.0,525.9,525.9,1.0,1.0,1.0,0.2,1.0,1.0,1.0,0.0,512,51
hybrid_k5_rerank,q015,multi_hop,5.0,true,hybrid,5.7e-07,2e-05,6.384e-05,8.441e-05,8.441e-05,125.9,90.0,310.0,525.9,525.9,1.0,1.0,0.8772153153380493,0.4,1.0,1.0,0.8,0.07000000000000006,512,51
hybrid_k5_rerank,q016,compliance,5.0,true,hybrid,5.7e-07,2e-05,6.3e-05,8.357e-05,8.357e-05,125.9,90.0,310.0,525.9,525.9,1.0,1.0,1.0,0.2,1.0,0.9818181818181818,1.0,0.011818181818181839,512,51
hybrid_k5_rerank,q017,vendor_risk,5.0,true,hybrid,5.7e-07,2e-05,6.336e-05,8.393e-05,8.393e-05,125.9,90.0,310.0,525.9,525.9,1.0,1.0,1.0,0.2,1.0,1.0,1.0,0.0,512,51
hybrid_k5_rerank,q018,compliance,5.0,true,hybrid,5.7e-07,2e-05,6.204e-05,8.261e-05,8.261e-05,125.9,90.0,310.0,525.9,525.9,0.0,0.0,0.0,0.0,0.0,0.9818181818181818,1.0,0.011818181818181839,512,51
hybrid_k5_rerank,q019,policy_reasoning,5.0,true,hybrid,5.7e-07,2e-05,6.372e-05,8.429e-05,8.429e-05,125.9,90.0,310.0,525.9,525.9,0.0,0.0,0.0,0.0,0.0,1.0,0.8,0.07000000000000006,512,51
hybrid_k5_rerank,q020,cost_latency,5.0,true,hybrid,5.7e-07,2e-05,6.492e-05,8.549e-05,8.549e-05,125.9,90.0,310.0,525.9,525.9,1.0,1.0,1.0,0.2,1.0,0.9827586206896551,1.0,0.011206896551724133,512,51
hybrid_k5_rerank,q021,cost_latency,5.0,true,hybrid,5.7e-07,2e-05,6.48e-05,8.537e-05,8.537e-05,125.9,90.0,310.0,525.9,525.9,1.0,1.0,1.0,0.2,1.0,1.0,1.0,0.0,512,51
hybrid_k5_rerank,q022,cost_latency,5.0,true,hybrid,5.7e-07,2e-05,6.264e-05,8.321e-05,8.321e-05,125.9,90.0,310.0,525.9,525.9,1.0,1.0,1.0,0.2,1.0,1.0,1.0,0.0,512,51
hybrid_k5_rerank,q023,policy_reasoning,5.0,true,hybrid,5.7e-07,2e-05,6.276e-05,8.333e-05,8.333e-05,125.9,90.0,310.0,525.9,525.9,0.5,0.5,0.38685280723454163,0.2,0.5,1.0,1.0,0.0,512,51
hybrid_k5_rerank,q024,compliance,5.0,true,hybrid,5.7e-07,2e-05,6.228e-05,8.285e-05,8.285e-05,125.9,90.0,310.0,525.9,525.9,1.0,1.0,1.0,0.2,1.0,0.9824561403508771,1.0,0.01140350877192986,512,51
hybrid_k5_rerank,q025,fact_lookup,5.0,true,hybrid,5.7e-07,2e-05,6.204e-05,8.261e-05,8.261e-05,125.9,90.0,310.0,525.9,525.9,1.0,1.0,1.0,0.2,1.0,1.0,1.0,0.0,512,51
hybrid_k5_rerank,q026,vendor_risk,5.0,true,hybrid,5.7e-07,2e-05,6.252e-05,8.309e-05,8.309e-05,125.9,90.0,310.0,525.9,525.9,1.0,1.0,1.0,0.2,1.0,0.9811320754716981,1.0,0.01226415094339628,512,51
hybrid_k5_rerank,q027,vendor_risk,5.0,true,hybrid,5.7e-07,2e-05,6.228e-05,8.285e-05,8.285e-05,125.9,90.0,310.0,525.9,525.9,1.0,1.0,1.0,0.2,1.0,0.9814814814814815,1.0,0.012037037037037068,512,51
hybrid_k5_rerank,q028,policy_reasoning,5.0,true,hybrid,5.7e-07,2e-05,6.156e-05,8.213e-05,8.213e-05,125.9,90.0,310.0,525.9,525.9,1.0,1.0,1.0,0.2,1.0,0.9850746268656716,1.0,0.00970149253731345,512,51
hybrid_k5_rerank,q029,policy_reasoning,5.0,true,hybrid,5.7e-07,2e-05,6.312e-05,8.369e-05,8.369e-05,125.9,90.0,310.0,525.9,525.9,1.0,1.0,1.0,0.2,1.0,1.0,1.0,0.0,512,51
hybrid_k5_rerank,q030,ambiguous,5.0,true,hybrid,5.7e-07,2e-05,6.324e-05,8.381e-05,8.381e-05,125.9,90.0,310.0,525.9,525.9,1.0,1.0,0.9197207891481876,0.4,1.0,0.9852941176470589,0.8,0.07955882352941179,512,51
hybrid_k5_rerank,q031,cloud_operations,5.0,true,hybrid,5.7e-07,2e-05,6.312e-05,8.369e-05,8.369e-05,125.9,90.0,310.0,525.9,525.9,1.0,1.0,1.0,0.2,1.0,0.9787234042553191,1.0,0.013829787234042601,512,51
hybrid_k5_rerank,q032,cloud_operations,5.0,true,hybrid,5.7e-07,2e-05,6.216e-05,8.273e-05,8.273e-05,125.9,90.0,310.0,525.9,525.9,1.0,1.0,1.0,0.2,1.0,1.0,0.8,0.07000000000000006,512,51
hybrid_k5_rerank,q033,cost_latency,5.0,true,hybrid,5.7e-07,2e-05,6.252e-05,8.309e-05,8.309e-05,125.9,90.0,310.0,525.9,525.9,1.0,1.0,1.0,0.2,1.0,0.9836065573770492,1.0,0.010655737704918011,512,51
hybrid_k5_rerank,q034,compliance,5.0,true,hybrid,5.7e-07,2e-05,6.108e-05,8.165e-05,8.165e-05,125.9,90.0,310.0,525.9,525.9,1.0,1.0,1.0,0.2,1.0,0.9855072463768116,1.0,0.009420289855072483,512,51
hybrid_k5_rerank,q035,policy_reasoning,5.0,true,hybrid,5.7e-07,2e-05,6.372e-05,8.429e-05,8.429e-05,125.9,90.0,310.0,525.9,525.9,1.0,1.0,1.0,0.2,1.0,0.9821428571428571,1.0,0.011607142857142927,512,51
hybrid_k5_rerank,q036,policy_reasoning,5.0,true,hybrid,5.7e-07,2e-05,6.432e-05,8.489e-05,8.489e-05,125.9,90.0,310.0,525.9,525.9,1.0,1.0,1.0,0.2,1.0,0.9836065573770492,1.0,0.010655737704918011,512,51
hybrid_k5_rerank,q037,fact_lookup,5.0,true,hybrid,5.7e-07,2e-05,6.384e-05,8.441e-05,8.441e-05,125.9,90.0,310.0,525.9,525.9,0.0,0.0,0.0,0.0,0.0,1.0,1.0,0.0,512,51
hybrid_k5_rerank,q038,compliance,5.0,true,hybrid,5.7e-07,2e-05,6.216e-05,8.273e-05,8.273e-05,125.9,90.0,310.0,525.9,525.9,1.0,1.0,1.0,0.2,1.0,1.0,1.0,0.0,512,51
hybrid_k5_rerank,q039,multi_hop,5.0,true,hybrid,5.7e-07,2e-05,6.36e-05,8.417e-05,8.417e-05,125.9,90.0,310.0,525.9,525.9,1.0,0.5,0.7328286204777911,0.6,1.0,0.9830508474576272,0.6,0.15101694915254238,512,51
hybrid_k5_rerank,q040,multi_hop,5.0,true,hybrid,5.7e-07,2e-05,6.468e-05,8.525e-05,8.525e-05,125.9,90.0,310.0,525.9,525.9,0.6666666666666666,1.0,0.6713860725233041,0.4,0.6666666666666666,0.9814814814814815,1.0,0.012037037037037068,512,51
hybrid_k5_rerank,q041,stale_context,5.0,true,hybrid,5.7e-07,2e-05,6.288e-05,8.345e-05,8.345e-05,125.9,90.0,310.0,525.9,525.9,1.0,1.0,0.8503449055347546,0.4,1.0,0.9838709677419355,1.0,0.010483870967741948,512,51
hybrid_k5_rerank,q042,ambiguous,5.0,true,hybrid,5.7e-07,2e-05,6.408e-05,8.465e-05,8.465e-05,125.9,90.0,310.0,525.9,525.9,0.5,0.3333333333333333,0.3065735963827292,0.2,0.5,0.984375,0.6,0.15015625,512,51
hybrid_k5_rerank,q043,ambiguous,5.0,true,hybrid,5.7e-07,2e-05,6.408e-05,8.465e-05,8.465e-05,125.9,90.0,310.0,525.9,525.9,0.6666666666666666,1.0,0.6713860725233041,0.4,0.6666666666666666,0.9818181818181818,0.8,0.08181818181818179,512,51
hybrid_k5_rerank,q044,cost_latency,5.0,true,hybrid,5.7e-07,2e-05,6.372e-05,8.429e-05,8.429e-05,125.9,90.0,310.0,525.9,525.9,1.0,1.0,1.0,0.2,1.0,1.0,1.0,0.0,512,51
hybrid_k5_rerank,q045,multi_hop,5.0,true,hybrid,5.7e-07,2e-05,6.3e-05,8.357e-05,8.357e-05,125.9,90.0,310.0,525.9,525.9,1.0,1.0,0.9197207891481876,0.4,1.0,0.9824561403508771,1.0,0.01140350877192986,512,51
hybrid_k5_rerank,q046,vendor_risk,5.0,true,hybrid,5.7e-07,2e-05,6.216e-05,8.273e-05,8.273e-05,125.9,90.0,310.0,525.9,525.9,1.0,1.0,1.0,0.2,1.0,0.9807692307692307,1.0,0.012500000000000067,512,51
hybrid_k5_rerank,q047,cloud_operations,5.0,true,hybrid,5.7e-07,2e-05,6.336e-05,8.393e-05,8.393e-05,125.9,90.0,310.0,525.9,525.9,0.0,0.0,0.0,0.0,0.0,1.0,1.0,0.0,512,51
hybrid_k5_rerank,q048,fact_lookup,5.0,true,hybrid,5.7e-07,2e-05,6.408e-05,8.465e-05,8.465e-05,125.9,90.0,310.0,525.9,525.9,1.0,1.0,1.0,0.2,1.0,0.9855072463768116,0.75,0.0969202898550725,512,51
hybrid_k5_rerank,q049,policy_reasoning,5.0,true,hybrid,5.7e-07,2e-05,6.168e-05,8.225e-05,8.225e-05,125.9,90.0,310.0,525.9,525.9,0.5,0.3333333333333333,0.3065735963827292,0.2,0.5,0.9818181818181818,1.0,0.011818181818181839,512,51
hybrid_k5_rerank,q050,compliance,5.0,true,hybrid,5.7e-07,2e-05,6.384e-05,8.441e-05,8.441e-05,125.9,90.0,310.0,525.9,525.9,1.0,1.0,1.0,0.2,1.0,0.9838709677419355,0.8,0.08048387096774201,512,51
hybrid_k5_rerank,q051,stale_context,5.0,true,hybrid,5.7e-07,2e-05,6.492e-05,8.549e-05,8.549e-05,125.9,90.0,310.0,525.9,525.9,0.0,0.0,0.0,0.0,0.0,0.9841269841269841,1.0,0.010317460317460392,512,51
hybrid_k5_rerank,q052,fact_lookup,5.0,true,hybrid,5.7e-07,2e-05,6.324e-05,8.381e-05,8.381e-05,125.9,90.0,310.0,525.9,525.9,0.0,0.0,0.0,0.0,0.0,1.0,1.0,0.0,512,51
hybrid_k5_rerank,q053,cost_latency,5.0,true,hybrid,5.7e-07,2e-05,6.36e-05,8.417e-05,8.417e-05,125.9,90.0,310.0,525.9,525.9,1.0,1.0,1.0,0.2,1.0,1.0,1.0,0.0,512,51
hybrid_k5_rerank,q054,compliance,5.0,true,hybrid,5.7e-07,2e-05,6.348e-05,8.405e-05,8.405e-05,125.9,90.0,310.0,525.9,525.9,0.0,0.0,0.0,0.0,0.0,0.9833333333333333,1.0,0.010833333333333361,512,51
hybrid_k5_rerank,q055,policy_reasoning,5.0,true,hybrid,5.7e-07,2e-05,6.312e-05,8.369e-05,8.369e-05,125.9,90.0,310.0,525.9,525.9,0.5,1.0,0.6131471927654584,0.2,0.5,0.9846153846153847,0.8,0.08000000000000007,512,51
hybrid_k5_rerank,q056,multi_hop,5.0,true,hybrid,5.7e-07,2e-05,6.42e-05,8.477e-05,8.477e-05,125.9,90.0,310.0,525.9,525.9,0.3333333333333333,1.0,0.46927872602275644,0.2,0.3333333333333333,0.9852941176470589,0.6,0.14955882352941174,512,51
hybrid_dense_hash_k5_rerank,q001,fact_lookup,5.0,true,hybrid_dense_hash,1.77e-06,2e-05,6.384e-05,8.561e-05,8.561e-05,141.9,90.0,310.0,541.9,541.9,1.0,0.3333333333333333,0.5706417189553201,0.4,1.0,0.9836065573770492,0.8,0.08065573770491796,512,51
hybrid_dense_hash_k5_rerank,q002,fact_lookup,5.0,true,hybrid_dense_hash,1.77e-06,2e-05,6.384e-05,8.561e-05,8.561e-05,141.9,90.0,310.0,541.9,541.9,1.0,1.0,1.0,0.2,1.0,0.9846153846153847,1.0,0.010000000000000009,512,51
hybrid_dense_hash_k5_rerank,q003,stale_context,5.0,true,hybrid_dense_hash,1.77e-06,2e-05,6.36e-05,8.537e-05,8.537e-05,141.9,90.0,310.0,541.9,541.9,0.5,0.5,0.38685280723454163,0.2,0.5,0.9838709677419355,0.8,0.08048387096774201,512,51
hybrid_dense_hash_k5_rerank,q004,fact_lookup,5.0,true,hybrid_dense_hash,1.77e-06,2e-05,6.336e-05,8.513e-05,8.513e-05,141.9,90.0,310.0,541.9,541.9,1.0,1.0,1.0,0.2,1.0,1.0,1.0,0.0,512,51
hybrid_dense_hash_k5_rerank,q005,fact_lookup,5.0,true,hybrid_dense_hash,1.77e-06,2e-05,6.372e-05,8.549e-05,8.549e-05,141.9,90.0,310.0,541.9,541.9,1.0,1.0,1.0,0.2,1.0,0.9841269841269841,1.0,0.010317460317460392,512,51
hybrid_dense_hash_k5_rerank,q006,compliance,5.0,true,hybrid_dense_hash,1.77e-06,2e-05,6.48e-05,8.657e-05,8.657e-05,141.9,90.0,310.0,541.9,541.9,1.0,1.0,1.0,0.2,1.0,0.9833333333333333,1.0,0.010833333333333361,512,51
hybrid_dense_hash_k5_rerank,q007,fact_lookup,5.0,true,hybrid_dense_hash,1.77e-06,2e-05,6.372e-05,8.549e-05,8.549e-05,141.9,90.0,310.0,541.9,541.9,1.0,1.0,1.0,0.2,1.0,1.0,1.0,0.0,512,51
hybrid_dense_hash_k5_rerank,q008,policy_reasoning,5.0,true,hybrid_dense_hash,1.77e-06,2e-05,6.324e-05,8.501e-05,8.501e-05,141.9,90.0,310.0,541.9,541.9,1.0,0.25,0.43067655807339306,0.2,1.0,0.9836065573770492,0.16666666666666666,0.30232240437158464,512,51
hybrid_dense_hash_k5_rerank,q009,cost_latency,5.0,true,hybrid_dense_hash,1.77e-06,2e-05,6.444e-05,8.621e-05,8.621e-05,141.9,90.0,310.0,541.9,541.9,1.0,1.0,1.0,0.4,1.0,0.9827586206896551,1.0,0.011206896551724133,512,51
hybrid_dense_hash_k5_rerank,q010,compliance,5.0,true,hybrid_dense_hash,1.77e-06,2e-05,6.336e-05,8.513e-05,8.513e-05,141.9,90.0,310.0,541.9,541.9,1.0,1.0,1.0,0.2,1.0,0.984375,1.0,0.010156249999999978,512,51
hybrid_dense_hash_k5_rerank,q011,fact_lookup,5.0,true,hybrid_dense_hash,1.77e-06,2e-05,6.42e-05,8.597e-05,8.597e-05,141.9,90.0,310.0,541.9,541.9,1.0,1.0,1.0,0.2,1.0,0.9838709677419355,1.0,0.010483870967741948,512,51
hybrid_dense_hash_k5_rerank,q012,policy_reasoning,5.0,true,hybrid_dense_hash,1.77e-06,2e-05,6.456e-05,8.633e-05,8.633e-05,141.9,90.0,310.0,541.9,541.9,1.0,1.0,1.0,0.2,1.0,1.0,1.0,0.0,512,51
hybrid_dense_hash_k5_rerank,q013,compliance,5.0,true,hybrid_dense_hash,1.77e-06,2e-05,6.408e-05,8.585e-05,8.585e-05,141.9,90.0,310.0,541.9,541.9,1.0,1.0,1.0,0.2,1.0,0.984375,0.75,0.09765625,512,51
hybrid_dense_hash_k5_rerank,q014,fact_lookup,5.0,true,hybrid_dense_hash,1.77e-06,2e-05,6.372e-05,8.549e-05,8.549e-05,141.9,90.0,310.0,541.9,541.9,1.0,1.0,1.0,0.2,1.0,0.9838709677419355,1.0,0.010483870967741948,512,51
hybrid_dense_hash_k5_rerank,q015,multi_hop,5.0,true,hybrid_dense_hash,1.77e-06,2e-05,6.42e-05,8.597e-05,8.597e-05,141.9,90.0,310.0,541.9,541.9,0.5,1.0,0.6131471927654584,0.2,0.5,1.0,0.8,0.07000000000000006,512,51
hybrid_dense_hash_k5_rerank,q016,compliance,5.0,true,hybrid_dense_hash,1.77e-06,2e-05,6.204e-05,8.381e-05,8.381e-05,141.9,90.0,310.0,541.9,541.9,1.0,1.0,1.0,0.2,1.0,0.9818181818181818,1.0,0.011818181818181839,512,51
hybrid_dense_hash_k5_rerank,q017,vendor_risk,5.0,true,hybrid_dense_hash,1.77e-06,2e-05,6.288e-05,8.465e-05,8.465e-05,141.9,90.0,310.0,541.9,541.9,1.0,1.0,1.0,0.2,1.0,1.0,1.0,0.0,512,51
hybrid_dense_hash_k5_rerank,q018,compliance,5.0,true,hybrid_dense_hash,1.77e-06,2e-05,6.204e-05,8.381e-05,8.381e-05,141.9,90.0,310.0,541.9,541.9,0.0,0.0,0.0,0.0,0.0,0.9818181818181818,1.0,0.011818181818181839,512,51
hybrid_dense_hash_k5_rerank,q019,policy_reasoning,5.0,true,hybrid_dense_hash,1.77e-06,2e-05,6.36e-05,8.537e-05,8.537e-05,141.9,90.0,310.0,541.9,541.9,0.0,0.0,0.0,0.0,0.0,1.0,0.8,0.07000000000000006,512,51
hybrid_dense_hash_k5_rerank,q020,cost_latency,5.0,true,hybrid_dense_hash,1.77e-06,2e-05,6.528e-05,8.705e-05,8.705e-05,141.9,90.0,310.0,541.9,541.9,1.0,1.0,1.0,0.2,1.0,0.9824561403508771,1.0,0.01140350877192986,512,51
hybrid_dense_hash_k5_rerank,q021,cost_latency,5.0,true,hybrid_dense_hash,1.77e-06,2e-05,6.48e-05,8.657e-05,8.657e-05,141.9,90.0,310.0,541.9,541.9,1.0,1.0,1.0,0.2,1.0,1.0,1.0,0.0,512,51
hybrid_dense_hash_k5_rerank,q022,cost_latency,5.0,true,hybrid_dense_hash,1.77e-06,2e-05,6.312e-05,8.489e-05,8.489e-05,141.9,90.0,310.0,541.9,541.9,1.0,1.0,1.0,0.2,1.0,0.9836065573770492,1.0,0.010655737704918011,512,51
hybrid_dense_hash_k5_rerank,q023,policy_reasoning,5.0,true,hybrid_dense_hash,1.77e-06,2e-05,6.264e-05,8.441e-05,8.441e-05,141.9,90.0,310.0,541.9,541.9,0.5,0.5,0.38685280723454163,0.2,0.5,1.0,1.0,0.0,512,51
hybrid_dense_hash_k5_rerank,q024,compliance,5.0,true,hybrid_dense_hash,1.77e-06,2e-05,6.276e-05,8.453e-05,8.453e-05,141.9,90.0,310.0,541.9,541.9,1.0,1.0,1.0,0.2,1.0,1.0,1.0,0.0,512,51
hybrid_dense_hash_k5_rerank,q025,fact_lookup,5.0,true,hybrid_dense_hash,1.77e-06,2e-05,6.18e-05,8.357e-05,8.357e-05,141.9,90.0,310.0,541.9,541.9,1.0,1.0,1.0,0.2,1.0,0.9846153846153847,1.0,0.010000000000000009,512,51
hybrid_dense_hash_k5_rerank,q026,vendor_risk,5.0,true,hybrid_dense_hash,1.77e-06,2e-05,6.348e-05,8.525e-05,8.525e-05,141.9,90.0,310.0,541.9,541.9,1.0,1.0,1.0,0.2,1.0,0.9811320754716981,1.0,0.01226415094339628,512,51
hybrid_dense_hash_k5_rerank,q027,vendor_risk,5.0,true,hybrid_dense_hash,1.77e-06,2e-05,6.264e-05,8.441e-05,8.441e-05,141.9,90.0,310.0,541.9,541.9,1.0,1.0,1.0,0.2,1.0,0.9824561403508771,1.0,0.01140350877192986,512,51
hybrid_dense_hash_k5_rerank,q028,policy_reasoning,5.0,true,hybrid_dense_hash,1.77e-06,2e-05,6.156e-05,8.333e-05,8.333e-05,141.9,90.0,310.0,541.9,541.9,1.0,0.3333333333333333,0.5,0.2,1.0,1.0,1.0,0.0,512,51
hybrid_dense_hash_k5_rerank,q029,policy_reasoning,5.0,true,hybrid_dense_hash,1.77e-06,2e-05,6.372e-05,8.549e-05,8.549e-05,141.9,90.0,310.0,541.9,541.9,1.0,1.0,1.0,0.2,1.0,1.0,1.0,0.0,512,51
hybrid_dense_hash_k5_rerank,q030,ambiguous,5.0,true,hybrid_dense_hash,1.77e-06,2e-05,6.192e-05,8.369e-05,8.369e-05,141.9,90.0,310.0,541.9,541.9,1.0,1.0,0.8772153153380493,0.4,1.0,0.984375,0.4,0.22015624999999994,512,51
hybrid_dense_hash_k5_rerank,q031,cloud_operations,5.0,true,hybrid_dense_hash,1.77e-06,2e-05,6.336e-05,8.513e-05,8.513e-05,141.9,90.0,310.0,541.9,541.9,1.0,1.0,1.0,0.2,1.0,0.9827586206896551,1.0,0.011206896551724133,512,51
hybrid_dense_hash_k5_rerank,q032,cloud_operations,5.0,true,hybrid_dense_hash,1.77e-06,2e-05,6.24e-05,8.417e-05,8.417e-05,141.9,90.0,310.0,541.9,541.9,1.0,1.0,1.0,0.2,1.0,1.0,0.8,0.07000000000000006,512,51
hybrid_dense_hash_k5_rerank,q033,cost_latency,5.0,true,hybrid_dense_hash,1.77e-06,2e-05,6.252e-05,8.429e-05,8.429e-05,141.9,90.0,310.0,541.9,541.9,1.0,1.0,1.0,0.2,1.0,0.9838709677419355,1.0,0.010483870967741948,512,51
hybrid_dense_hash_k5_rerank,q034,compliance,5.0,true,hybrid_dense_hash,1.77e-06,2e-05,6.204e-05,8.381e-05,8.381e-05,141.9,90.0,310.0,541.9,541.9,1.0,1.0,1.0,0.2,1.0,0.9857142857142858,1.0,0.00928571428571423,512,51
hybrid_dense_hash_k5_rerank,q035,policy_reasoning,5.0,true,hybrid_dense_hash,1.77e-06,2e-05,6.372e-05,8.549e-05,8.549e-05,141.9,90.0,310.0,541.9,541.9,1.0,1.0,1.0,0.2,1.0,0.9821428571428571,1.0,0.011607142857142927,512,51
hybrid_dense_hash_k5_rerank,q036,policy_reasoning,5.0,true,hybrid_dense_hash,1.77e-06,2e-05,6.348e-05,8.525e-05,8.525e-05,141.9,90.0,310.0,541.9,541.9,1.0,1.0,1.0,0.2,1.0,1.0,1.0,0.0,512,51
hybrid_dense_hash_k5_rerank,q037,fact_lookup,5.0,true,hybrid_dense_hash,1.77e-06,2e-05,6.432e-05,8.609e-05,8.609e-05,141.9,90.0,310.0,541.9,541.9,0.0,0.0,0.0,0.0,0.0,1.0,1.0,0.0,512,51
hybrid_dense_hash_k5_rerank,q038,compliance,5.0,true,hybrid_dense_hash,1.77e-06,2e-05,6.24e-05,8.417e-05,8.417e-05,141.9,90.0,310.0,541.9,541.9,1.0,1.0,1.0,0.2,1.0,1.0,1.0,0.0,512,51
hybrid_dense_hash_k5_rerank,q039,multi_hop,5.0,true,hybrid_dense_hash,1.77e-06,2e-05,6.432e-05,8.609e-05,8.609e-05,141.9,90.0,310.0,541.9,541.9,0.6666666666666666,0.5,0.5307212739772434,0.4,0.6666666666666666,0.9830508474576272,0.6,0.15101694915254238,512,51
hybrid_dense_hash_k5_rerank,q040,multi_hop,5.0,true,hybrid_dense_hash,1.77e-06,2e-05,6.468e-05,8.645e-05,8.645e-05,141.9,90.0,310.0,541.9,541.9,0.6666666666666666,1.0,0.6713860725233041,0.4,0.6666666666666666,0.9818181818181818,1.0,0.011818181818181839,512,51
hybrid_dense_hash_k5_rerank,q041,stale_context,5.0,true,hybrid_dense_hash,1.77e-06,2e-05,6.276e-05,8.453e-05,8.453e-05,141.9,90.0,310.0,541.9,541.9,0.5,1.0,0.6131471927654584,0.2,0.5,0.9838709677419355,1.0,0.010483870967741948,512,51
hybrid_dense_hash_k5_rerank,q042,ambiguous,5.0,true,hybrid_dense_hash,1.77e-06,2e-05,6.348e-05,8.525e-05,8.525e-05,141.9,90.0,310.0,541.9,541.9,0.0,0.0,0.0,0.0,0.0,0.984375,0.2,0.29015625,512,51
hybrid_dense_hash_k5_rerank,q043,ambiguous,5.0,true,hybrid_dense_hash,1.77e-06,2e-05,6.264e-05,8.441e-05,8.441e-05,141.9,90.0,310.0,541.9,541.9,0.6666666666666666,1.0,0.7653606369886217,0.4,0.6666666666666666,1.0,0.8,0.07000000000000006,512,51
hybrid_dense_hash_k5_rerank,q044,cost_latency,5.0,true,hybrid_dense_hash,1.77e-06,2e-05,6.396e-05,8.573e-05,8.573e-05,141.9,90.0,310.0,541.9,541.9,1.0,1.0,1.0,0.2,1.0,1.0,1.0,0.0,512,51
hybrid_dense_hash_k5_rerank,q045,multi_hop,5.0,true,hybrid_dense_hash,1.77e-06,2e-05,6.336e-05,8.513e-05,8.513e-05,141.9,90.0,310.0,541.9,541.9,0.5,1.0,0.6131471927654584,0.2,0.5,1.0,0.8,0.07000000000000006,512,51
hybrid_dense_hash_k5_rerank,q046,vendor_risk,5.0,true,hybrid_dense_hash,1.77e-06,2e-05,6.3e-05,8.477e-05,8.477e-05,141.9,90.0,310.0,541.9,541.9,1.0,1.0,1.0,0.2,1.0,0.9807692307692307,1.0,0.012500000000000067,512,51
hybrid_dense_hash_k5_rerank,q047,cloud_operations,5.0,true,hybrid_dense_hash,1.77e-06,2e-05,6.252e-05,8.429e-05,8.429e-05,141.9,90.0,310.0,541.9,541.9,0.0,0.0,0.0,0.0,0.0,0.9841269841269841,1.0,0.010317460317460392,512,51
hybrid_dense_hash_k5_rerank,q048,fact_lookup,5.0,true,hybrid_dense_hash,1.77e-06,2e-05,6.42e-05,8.597e-05,8.597e-05,141.9,90.0,310.0,541.9,541.9,1.0,1.0,1.0,0.2,1.0,0.9848484848484849,0.75,0.0973484848484849,512,51
hybrid_dense_hash_k5_rerank,q049,policy_reasoning,5.0,true,hybrid_dense_hash,1.77e-06,2e-05,6.216e-05,8.393e-05,8.393e-05,141.9,90.0,310.0,541.9,541.9,0.5,0.3333333333333333,0.3065735963827292,0.2,0.5,0.9818181818181818,1.0,0.011818181818181839,512,51
hybrid_dense_hash_k5_rerank,q050,compliance,5.0,true,hybrid_dense_hash,1.77e-06,2e-05,6.384e-05,8.561e-05,8.561e-05,141.9,90.0,310.0,541.9,541.9,1.0,1.0,1.0,0.2,1.0,0.9838709677419355,0.8,0.08048387096774201,512,51
hybrid_dense_hash_k5_rerank,q051,stale_context,5.0,true,hybrid_dense_hash,1.77e-06,2e-05,6.432e-05,8.609e-05,8.609e-05,141.9,90.0,310.0,541.9,541.9,0.0,0.0,0.0,0.0,0.0,0.9848484848484849,1.0,0.009848484848484884,512,51
hybrid_dense_hash_k5_rerank,q052,fact_lookup,5.0,true,hybrid_dense_hash,1.77e-06,2e-05,6.408e-05,8.585e-05,8.585e-05,141.9,90.0,310.0,541.9,541.9,0.0,0.0,0.0,0.0,0.0,0.984375,1.0,0.010156249999999978,512,51
hybrid_dense_hash_k5_rerank,q053,cost_latency,5.0,true,hybrid_dense_hash,1.77e-06,2e-05,6.456e-05,8.633e-05,8.633e-05,141.9,90.0,310.0,541.9,541.9,1.0,1.0,1.0,0.2,1.0,1.0,1.0,0.0,512,51
hybrid_dense_hash_k5_rerank,q054,compliance,5.0,true,hybrid_dense_hash,1.77e-06,2e-05,6.42e-05,8.597e-05,8.597e-05,141.9,90.0,310.0,541.9,541.9,0.0,0.0,0.0,0.0,0.0,0.9848484848484849,1.0,0.009848484848484884,512,51
hybrid_dense_hash_k5_rerank,q055,policy_reasoning,5.0,true,hybrid_dense_hash,1.77e-06,2e-05,6.276e-05,8.453e-05,8.453e-05,141.9,90.0,310.0,541.9,541.9,0.5,1.0,0.6131471927654584,0.2,0.5,1.0,0.6,0.14,512,51
hybrid_dense_hash_k5_rerank,q056,multi_hop,5.0,true,hybrid_dense_hash,1.77e-06,2e-05,6.54e-05,8.717e-05,8.717e-05,141.9,90.0,310.0,541.9,541.9,0.3333333333333333,0.5,0.2960819109658652,0.2,0.3333333333333333,0.9857142857142858,0.6,0.14928571428571424,512,51
lexical_k5_rerank,q001,fact_lookup,5.0,true,lexical,5.7e-07,2e-05,2.592e-05,4.649e-05,4.649e-05,125.9,90.0,180.0,395.9,395.9,0.5,0.3333333333333333,0.3065735963827292,0.2,0.5,0.9791666666666666,0.2,0.2935416666666667,1024,102
lexical_k5_rerank,q002,fact_lookup,5.0,true,lexical,5.7e-07,2e-05,2.736e-05,4.793e-05,4.793e-05,125.9,90.0,180.0,395.9,395.9,1.0,1.0,1.0,0.2,1.0,0.9787234042553191,1.0,0.013829787234042601,1024,102
lexical_k5_rerank,q003,stale_context,5.0,true,lexical,5.7e-07,2e-05,2.64e-05,4.697e-05,4.697e-05,125.9,90.0,180.0,395.9,395.9,0.5,0.5,0.38685280723454163,0.2,0.5,0.9787234042553191,0.8,0.08382978723404255,1024,102
lexical_k5_rerank,q004,fact_lookup,5.0,true,lexical,5.7e-07,2e-05,2.664e-05,4.721e-05,4.721e-05,125.9,90.0,180.0,395.9,395.9,1.0,1.0,1.0,0.2,1.0,1.0,1.0,0.0,1024,102
lexical_k5_rerank,q005,fact_lookup,5.0,true,lexical,5.7e-07,2e-05,2.64e-05,4.697e-05,4.697e-05,125.9,90.0,180.0,395.9,395.9,1.0,1.0,1.0,0.2,1.0,1.0,1.0,0.0,1024,102
lexical_k5_rerank,q006,compliance,5.0,true,lexical,5.7e-07,2e-05,2.72e-05,4.777e-05,4.777e-05,125.9,90.0,180.0,395.9,395.9,1.0,1.0,1.0,0.2,1.0,0.9772727272727273,1.0,0.01477272727272727,1024,102
lexical_k5_rerank,q007,fact_lookup,5.0,true,lexical,5.7e-07,2e-05,2.688e-05,4.745e-05,4.745e-05,125.9,90.0,180.0,395.9,395.9,1.0,1.0,1.0,0.2,1.0,1.0,1.0,0.0,1024,102
lexical_k5_rerank,q008,policy_reasoning,5.0,true,lexical,5.7e-07,2e-05,2.584e-05,4.641e-05,4.641e-05,125.9,90.0,180.0,395.9,395.9,1.0,0.5,0.6309297535714575,0.2,1.0,0.9782608695652174,0.6666666666666666,0.13079710144927537,1024,102
lexical_k5_rerank,q009,cost_latency,5.0,true,lexical,5.7e-07,2e-05,2.696e-05,4.753e-05,4.753e-05,125.9,90.0,180.0,395.9,395.9,1.0,1.0,1.0,0.4,1.0,1.0,1.0,0.0,1024,102
lexical_k5_rerank,q010,compliance,5.0,true,lexical,5.7e-07,2e-05,2.6e-05,4.657e-05,4.657e-05,125.9,90.0,180.0,395.9,395.9,1.0,1.0,1.0,0.2,1.0,1.0,1.0,0.0,1024,102
lexical_k5_rerank,q011,fact_lookup,5.0,true,lexical,5.7e-07,2e-05,2.664e-05,4.721e-05,4.721e-05,125.9,90.0,180.0,395.9,395.9,1.0,1.0,1.0,0.2,1.0,0.9782608695652174,1.0,0.01413043478260867,1024,102
lexical_k5_rerank,q012,policy_reasoning,5.0,true,lexical,5.7e-07,2e-05,2.704e-05,4.761e-05,4.761e-05,125.9,90.0,180.0,395.9,395.9,1.0,1.0,1.0,0.2,1.0,0.972972972972973,1.0,0.0175675675675675,1024,102
lexical_k5_rerank,q013,compliance,5.0,true,lexical,5.7e-07,2e-05,2.616e-05,4.673e-05,4.673e-05,125.9,90.0,180.0,395.9,395.9,1.0,0.5,0.6309297535714575,0.2,1.0,0.9772727272727273,0.75,0.10227272727272729,1024,102
lexical_k5_rerank,q014,fact_lookup,5.0,true,lexical,5.7e-07,2e-05,2.616e-05,4.673e-05,4.673e-05,125.9,90.0,180.0,395.9,395.9,1.0,1.0,1.0,0.2,1.0,1.0,1.0,0.0,1024,102
lexical_k5_rerank,q015,multi_hop,5.0,true,lexical,5.7e-07,2e-05,2.656e-05,4.713e-05,4.713e-05,125.9,90.0,180.0,395.9,395.9,1.0,1.0,0.8772153153380493,0.4,1.0,1.0,0.8,0.07000000000000006,1024,102
lexical_k5_rerank,q016,compliance,5.0,true,lexical,5.7e-07,2e-05,2.6e-05,4.657e-05,4.657e-05,125.9,90.0,180.0,395.9,395.9,1.0,1.0,1.0,0.2,1.0,0.975609756097561,1.0,0.01585365853658538,1024,102
lexical_k5_rerank,q017,vendor_risk,5.0,true,lexical,5.7e-07,2e-05,2.624e-05,4.681e-05,4.681e-05,125.9,90.0,180.0,395.9,395.9,1.0,1.0,1.0,0.2,1.0,0.975609756097561,1.0,0.01585365853658538,1024,102
lexical_k5_rerank,q018,compliance,5.0,true,lexical,5.7e-07,2e-05,2.536e-05,4.593e-05,4.593e-05,125.9,90.0,180.0,395.9,395.9,0.0,0.0,0.0,0.0,0.0,1.0,1.0,0.0,1024,102
lexical_k5_rerank,q019,policy_reasoning,5.0,true,lexical,5.7e-07,2e-05,2.648e-05,4.705e-05,4.705e-05,125.9,90.0,180.0,395.9,395.9,0.0,0.0,0.0,0.0,0.0,1.0,0.8,0.07000000000000006,1024,102
lexical_k5_rerank,q020,cost_latency,5.0,true,lexical,5.7e-07,2e-05,2.728e-05,4.785e-05,4.785e-05,125.9,90.0,180.0,395.9,395.9,1.0,1.0,1.0,0.2,1.0,1.0,1.0,0.0,1024,102
lexical_k5_rerank,q021,cost_latency,5.0,true,lexical,5.7e-07,2e-05,2.72e-05,4.777e-05,4.777e-05,125.9,90.0,180.0,395.9,395.9,1.0,1.0,1.0,0.2,1.0,0.9767441860465116,1.0,0.015116279069767424,1024,102
lexical_k5_rerank,q022,cost_latency,5.0,true,lexical,5.7e-07,2e-05,2.576e-05,4.633e-05,4.633e-05,125.9,90.0,180.0,395.9,395.9,1.0,1.0,1.0,0.2,1.0,0.9782608695652174,1.0,0.01413043478260867,1024,102
lexical_k5_rerank,q023,policy_reasoning,5.0,true,lexical,5.7e-07,2e-05,2.584e-05,4.641e-05,4.641e-05,125.9,90.0,180.0,395.9,395.9,0.5,0.5,0.38685280723454163,0.2,0.5,0.9767441860465116,1.0,0.015116279069767424,1024,102
lexical_k5_rerank,q024,compliance,5.0,true,lexical,5.7e-07,2e-05,2.552e-05,4.609e-05,4.609e-05,125.9,90.0,180.0,395.9,395.9,1.0,1.0,1.0,0.2,1.0,0.975609756097561,1.0,0.01585365853658538,1024,102
lexical_k5_rerank,q025,fact_lookup,5.0,true,lexical,5.7e-07,2e-05,2.536e-05,4.593e-05,4.593e-05,125.9,90.0,180.0,395.9,395.9,1.0,1.0,1.0,0.2,1.0,0.9787234042553191,1.0,0.013829787234042601,1024,102
lexical_k5_rerank,q026,vendor_risk,5.0,true,lexical,5.7e-07,2e-05,2.568e-05,4.625e-05,4.625e-05,125.9,90.0,180.0,395.9,395.9,1.0,1.0,1.0,0.2,1.0,0.9743589743589743,1.0,0.01666666666666672,1024,102
lexical_k5_rerank,q027,vendor_risk,5.0,true,lexical,5.7e-07,2e-05,2.552e-05,4.609e-05,4.609e-05,125.9,90.0,180.0,395.9,395.9,1.0,1.0,1.0,0.2,1.0,0.9743589743589743,1.0,0.01666666666666672,1024,102
lexical_k5_rerank,q028,policy_reasoning,5.0,true,lexical,5.7e-07,2e-05,2.568e-05,4.625e-05,4.625e-05,125.9,90.0,180.0,395.9,395.9,1.0,1.0,1.0,0.2,1.0,0.9791666666666666,1.0,0.013541666666666674,1024,102
lexical_k5_rerank,q029,policy_reasoning,5.0,true,lexical,5.7e-07,2e-05,2.608e-05,4.665e-05,4.665e-05,125.9,90.0,180.0,395.9,395.9,1.0,1.0,1.0,0.2,1.0,0.9782608695652174,1.0,0.01413043478260867,1024,102
lexical_k5_rerank,q030,ambiguous,5.0,true,lexical,5.7e-07,2e-05,2.616e-05,4.673e-05,4.673e-05,125.9,90.0,180.0,395.9,395.9,1.0,1.0,0.9197207891481876,0.4,1.0,0.9787234042553191,0.4,0.22382978723404257,1024,102
lexical_k5_rerank,q031,cloud_operations,5.0,true,lexical,5.7e-07,2e-05,2.608e-05,4.665e-05,4.665e-05,125.9,90.0,180.0,395.9,395.9,1.0,1.0,1.0,0.2,1.0,1.0,1.0,0.0,1024,102
lexical_k5_rerank,q032,cloud_operations,5.0,true,lexical,5.7e-07,2e-05,2.544e-05,4.601e-05,4.601e-05,125.9,90.0,180.0,395.9,395.9,1.0,1.0,1.0,0.2,1.0,1.0,0.8,0.07000000000000006,1024,102
lexical_k5_rerank,q033,cost_latency,5.0,true,lexical,5.7e-07,2e-05,2.568e-05,4.625e-05,4.625e-05,125.9,90.0,180.0,395.9,395.9,1.0,1.0,1.0,0.2,1.0,0.9767441860465116,1.0,0.015116279069767424,1024,102
lexical_k5_rerank,q034,compliance,5.0,true,lexical,5.7e-07,2e-05,2.472e-05,4.529e-05,4.529e-05,125.9,90.0,180.0,395.9,395.9,1.0,1.0,1.0,0.2,1.0,0.9777777777777777,1.0,0.014444444444444482,1024,102
lexical_k5_rerank,q035,policy_reasoning,5.0,true,lexical,5.7e-07,2e-05,2.648e-05,4.705e-05,4.705e-05,125.9,90.0,180.0,395.9,395.9,1.0,1.0,1.0,0.2,1.0,0.9736842105263158,1.0,0.017105263157894735,1024,102
lexical_k5_rerank,q036,policy_reasoning,5.0,true,lexical,5.7e-07,2e-05,2.688e-05,4.745e-05,4.745e-05,125.9,90.0,180.0,395.9,395.9,1.0,1.0,1.0,0.2,1.0,0.9767441860465116,1.0,0.015116279069767424,1024,102
lexical_k5_rerank,q037,fact_lookup,5.0,true,lexical,5.7e-07,2e-05,2.656e-05,4.713e-05,4.713e-05,125.9,90.0,180.0,395.9,395.9,0.0,0.0,0.0,0.0,0.0,0.9795918367346939,1.0,0.013265306122449028,1024,102
lexical_k5_rerank,q038,compliance,5.0,true,lexical,5.7e-07,2e-05,2.544e-05,4.601e-05,4.601e-05,125.9,90.0,180.0,395.9,395.9,1.0,1.0,1.0,0.2,1.0,1.0,1.0,0.0,1024,102
lexical_k5_rerank,q039,multi_hop,5.0,true,lexical,5.7e-07,2e-05,2.64e-05,4.697e-05,4.697e-05,125.9,90.0,180.0,395.9,395.9,1.0,0.5,0.7328286204777911,0.6,1.0,0.9772727272727273,0.6,0.15477272727272728,1024,102
lexical_k5_rerank,q040,multi_hop,5.0,true,lexical,5.7e-07,2e-05,2.712e-05,4.769e-05,4.769e-05,125.9,90.0,180.0,395.9,395.9,0.6666666666666666,1.0,0.6713860725233041,0.4,0.6666666666666666,0.975609756097561,1.0,0.01585365853658538,1024,102
lexical_k5_rerank,q041,stale_context,5.0,true,lexical,5.7e-07,2e-05,2.592e-05,4.649e-05,4.649e-05,125.9,90.0,180.0,395.9,395.9,1.0,1.0,0.8503449055347546,0.4,1.0,0.9787234042553191,1.0,0.013829787234042601,1024,102
lexical_k5_rerank,q042,ambiguous,5.0,true,lexical,5.7e-07,2e-05,2.672e-05,4.729e-05,4.729e-05,125.9,90.0,180.0,395.9,395.9,0.5,0.3333333333333333,0.3065735963827292,0.2,0.5,0.9782608695652174,0.2,0.2941304347826087,1024,102
lexical_k5_rerank,q043,ambiguous,5.0,true,lexical,5.7e-07,2e-05,2.672e-05,4.729e-05,4.729e-05,125.9,90.0,180.0,395.9,395.9,0.6666666666666666,1.0,0.7653606369886217,0.4,0.6666666666666666,0.967741935483871,0.8,0.09096774193548396,1024,102
lexical_k5_rerank,q044,cost_latency,5.0,true,lexical,5.7e-07,2e-05,2.648e-05,4.705e-05,4.705e-05,125.9,90.0,180.0,395.9,395.9,1.0,1.0,1.0,0.2,1.0,1.0,1.0,0.0,1024,102
lexical_k5_rerank,q045,multi_hop,5.0,true,lexical,5.7e-07,2e-05,2.6e-05,4.657e-05,4.657e-05,125.9,90.0,180.0,395.9,395.9,1.0,1.0,0.9197207891481876,0.4,1.0,1.0,0.8,0.07000000000000006,1024,102
lexical_k5_rerank,q046,vendor_risk,5.0,true,lexical,5.7e-07,2e-05,2.544e-05,4.601e-05,4.601e-05,125.9,90.0,180.0,395.9,395.9,1.0,1.0,1.0,0.2,1.0,0.9743589743589743,1.0,0.01666666666666672,1024,102
lexical_k5_rerank,q047,cloud_operations,5.0,true,lexical,5.7e-07,2e-05,2.624e-05,4.681e-05,4.681e-05,125.9,90.0,180.0,395.9,395.9,0.0,0.0,0.0,0.0,0.0,1.0,1.0,0.0,1024,102
lexical_k5_rerank,q048,fact_lookup,5.0,true,lexical,5.7e-07,2e-05,2.672e-05,4.729e-05,4.729e-05,125.9,90.0,180.0,395.9,395.9,1.0,1.0,1.0,0.2,1.0,0.98,0.75,0.10050000000000003,1024,102
lexical_k5_rerank,q049,policy_reasoning,5.0,true,lexical,5.7e-07,2e-05,2.512e-05,4.569e-05,4.569e-05,125.9,90.0,180.0,395.9,395.9,0.5,0.3333333333333333,0.3065735963827292,0.2,0.5,0.975609756097561,1.0,0.01585365853658538,1024,102
lexical_k5_rerank,q050,compliance,5.0,true,lexical,5.7e-07,2e-05,2.656e-05,4.713e-05,4.713e-05,125.9,90.0,180.0,395.9,395.9,1.0,1.0,1.0,0.2,1.0,1.0,0.8,0.07000000000000006,1024,102
lexical_k5_rerank,q051,stale_context,5.0,true,lexical,5.7e-07,2e-05,2.728e-05,4.785e-05,4.785e-05,125.9,90.0,180.0,395.9,395.9,0.0,0.0,0.0,0.0,0.0,0.9787234042553191,1.0,0.013829787234042601,1024,102
lexical_k5_rerank,q052,fact_lookup,5.0,true,lexical,5.7e-07,2e-05,2.616e-05,4.673e-05,4.673e-05,125.9,90.0,180.0,395.9,395.9,0.0,0.0,0.0,0.0,0.0,0.9782608695652174,1.0,0.01413043478260867,1024,102
lexical_k5_rerank,q053,cost_latency,5.0,true,lexical,5.7e-07,2e-05,2.64e-05,4.697e-05,4.697e-05,125.9,90.0,180.0,395.9,395.9,1.0,1.0,1.0,0.2,1.0,0.9777777777777777,1.0,0.014444444444444482,1024,102
lexical_k5_rerank,q054,compliance,5.0,true,lexical,5.7e-07,2e-05,2.632e-05,4.689e-05,4.689e-05,125.9,90.0,180.0,395.9,395.9,0.0,0.0,0.0,0.0,0.0,0.9787234042553191,1.0,0.013829787234042601,1024,102
lexical_k5_rerank,q055,policy_reasoning,5.0,true,lexical,5.7e-07,2e-05,2.608e-05,4.665e-05,4.665e-05,125.9,90.0,180.0,395.9,395.9,0.5,1.0,0.6131471927654584,0.2,0.5,0.9791666666666666,0.6,0.1535416666666667,1024,102
lexical_k5_rerank,q056,multi_hop,5.0,true,lexical,5.7e-07,2e-05,2.68e-05,4.737e-05,4.737e-05,125.9,90.0,180.0,395.9,395.9,0.3333333333333333,1.0,0.46927872602275644,0.2,0.3333333333333333,0.98,0.6,0.15300000000000002,1024,102
hybrid_k5_rerank,q001,fact_lookup,5.0,true,hybrid,5.7e-07,2e-05,6.384e-05,8.441e-05,8.441e-05,125.9,90.0,310.0,525.9,525.9,1.0,0.3333333333333333,0.5437713091520254,0.4,1.0,1.0,0.6,0.14,1024,102
hybrid_k5_rerank,q002,fact_lookup,5.0,true,hybrid,5.7e-07,2e-05,6.504e-05,8.561e-05,8.561e-05,125.9,90.0,310.0,525.9,525.9,1.0,1.0,1.0,0.2,1.0,0.9846153846153847,1.0,0.010000000000000009,1024,102
hybrid_k5_rerank,q003,stale_context,5.0,true,hybrid,5.7e-07,2e-05,6.36e-05,8.417e-05,8.417e-05,125.9,90.0,310.0,525.9,525.9,0.5,0.5,0.38685280723454163,0.2,0.5,0.9838709677419355,0.8,0.08048387096774201,1024,102
hybrid_k5_rerank,q004,fact_lookup,5.0,true,hybrid,5.7e-07,2e-05,6.396e-05,8.453e-05,8.453e-05,125.9,90.0,310.0,525.9,525.9,1.0,1.0,1.0,0.2,1.0,1.0,1.0,0.0,1024,102
hybrid_k5_rerank,q005,fact_lookup,5.0,true,hybrid,5.7e-07,2e-05,6.36e-05,8.417e-05,8.417e-05,125.9,90.0,310.0,525.9,525.9,1.0,1.0,1.0,0.2,1.0,0.9841269841269841,1.0,0.010317460317460392,1024,102
hybrid_k5_rerank,q006,compliance,5.0,true,hybrid,5.7e-07,2e-05,6.48e-05,8.537e-05,8.537e-05,125.9,90.0,310.0,525.9,525.9,1.0,1.0,1.0,0.2,1.0,0.9836065573770492,1.0,0.010655737704918011,1024,102
hybrid_k5_rerank,q007,fact_lookup,5.0,true,hybrid,5.7e-07,2e-05,6.432e-05,8.489e-05,8.489e-05,125.9,90.0,310.0,525.9,525.9,1.0,1.0,1.0,0.2,1.0,0.9846153846153847,1.0,0.010000000000000009,1024,102
hybrid_k5_rerank,q008,policy_reasoning,5.0,true,hybrid,5.7e-07,2e-05,6.276e-05,8.333e-05,8.333e-05,125.9,90.0,310.0,525.9,525.9,1.0,0.25,0.43067655807339306,0.2,1.0,0.9850746268656716,0.0,0.3597014925373134,1024,102
hybrid_k5_rerank,q009,cost_latency,5.0,true,hybrid,5.7e-07,2e-05,6.444e-05,8.501e-05,8.501e-05,125.9,90.0,310.0,525.9,525.9,1.0,1.0,1.0,0.4,1.0,0.9827586206896551,1.0,0.011206896551724133,1024,102
hybrid_k5_rerank,q010,compliance,5.0,true,hybrid,5.7e-07,2e-05,6.3e-05,8.357e-05,8.357e-05,125.9,90.0,310.0,525.9,525.9,1.0,1.0,1.0,0.2,1.0,0.984375,1.0,0.010156249999999978,1024,102
hybrid_k5_rerank,q011,fact_lookup,5.0,true,hybrid,5.7e-07,2e-05,6.396e-05,8.453e-05,8.453e-05,125.9,90.0,310.0,525.9,525.9,1.0,1.0,1.0,0.2,1.0,0.9838709677419355,1.0,0.010483870967741948,1024,102
hybrid_k5_rerank,q012,policy_reasoning,5.0,true,hybrid,5.7e-07,2e-05,6.42e-05,8.477e-05,8.477e-05,125.9,90.0,310.0,525.9,525.9,1.0,1.0,1.0,0.2,1.0,1.0,1.0,0.0,1024,102
hybrid_k5_rerank,q013,compliance,5.0,true,hybrid,5.7e-07,2e-05,6.324e-05,8.381e-05,8.381e-05,125.9,90.0,310.0,525.9,525.9,1.0,1.0,1.0,0.2,1.0,1.0,0.75,0.08750000000000002,1024,102
hybrid_k5_rerank,q014,fact_lookup,5.0,true,hybrid,5.7e-07,2e-05,6.324e-05,8.381e-05,8.381e-05,125.9,90.0,310.0,525.9,525.9,1.0,1.0,1.0,0.2,1.0,1.0,1.0,0.0,1024,102
hybrid_k5_rerank,q015,multi_hop,5.0,true,hybrid,5.7e-07,2e-05,6.384e-05,8.441e-05,8.441e-05,125.9,90.0,310.0,525.9,525.9,1.0,1.0,0.8772153153380493,0.4,1.0,1.0,0.8,0.07000000000000006,1024,102
hybrid_k5_rerank,q016,compliance,5.0,true,hybrid,5.7e-07,2e-05,6.3e-05,8.357e-05,8.357e-05,125.9,90.0,310.0,525.9,525.9,1.0,1.0,1.0,0.2,1.0,0.9818181818181818,1.0,0.011818181818181839,1024,102
hybrid_k5_rerank,q017,vendor_risk,5.0,true,hybrid,5.7e-07,2e-05,6.336e-05,8.393e-05,8.393e-05,125.9,90.0,310.0,525.9,525.9,1.0,1.0,1.0,0.2,1.0,1.0,1.0,0.0,1024,102
hybrid_k5_rerank,q018,compliance,5.0,true,hybrid,5.7e-07,2e-05,6.204e-05,8.261e-05,8.261e-05,125.9,90.0,310.0,525.9,525.9,0.0,0.0,0.0,0.0,0.0,0.9818181818181818,1.0,0.011818181818181839,1024,102
hybrid_k5_rerank,q019,policy_reasoning,5.0,true,hybrid,5.7e-07,2e-05,6.372e-05,8.429e-05,8.429e-05,125.9,90.0,310.0,525.9,525.9,0.0,0.0,0.0,0.0,0.0,1.0,0.8,0.07000000000000006,1024,102
hybrid_k5_rerank,q020,cost_latency,5.0,true,hybrid,5.7e-07,2e-05,6.492e-05,8.549e-05,8.549e-05,125.9,90.0,310.0,525.9,525.9,1.0,1.0,1.0,0.2,1.0,0.9827586206896551,1.0,0.011206896551724133,1024,102
hybrid_k5_rerank,q021,cost_latency,5.0,true,hybrid,5.7e-07,2e-05,6.48e-05,8.537e-05,8.537e-05,125.9,90.0,310.0,525.9,525.9,1.0,1.0,1.0,0.2,1.0,1.0,1.0,0.0,1024,102
hybrid_k5_rerank,q022,cost_latency,5.0,true,hybrid,5.7e-07,2e-05,6.264e-05,8.321e-05,8.321e-05,125.9,90.0,310.0,525.9,525.9,1.0,1.0,1.0,0.2,1.0,1.0,1.0,0.0,1024,102
hybrid_k5_rerank,q023,policy_reasoning,5.0,true,hybrid,5.7e-07,2e-05,6.276e-05,8.333e-05,8.333e-05,125.9,90.0,310.0,525.9,525.9,0.5,0.5,0.38685280723454163,0.2,0.5,1.0,1.0,0.0,1024,102
hybrid_k5_rerank,q024,compliance,5.0,true,hybrid,5.7e-07,2e-05,6.228e-05,8.285e-05,8.285e-05,125.9,90.0,310.0,525.9,525.9,1.0,1.0,1.0,0.2,1.0,0.9824561403508771,1.0,0.01140350877192986,1024,102
hybrid_k5_rerank,q025,fact_lookup,5.0,true,hybrid,5.7e-07,2e-05,6.204e-05,8.261e-05,8.261e-05,125.9,90.0,310.0,525.9,525.9,1.0,1.0,1.0,0.2,1.0,1.0,1.0,0.0,1024,102
hybrid_k5_rerank,q026,vendor_risk,5.0,true,hybrid,5.7e-07,2e-05,6.252e-05,8.309e-05,8.309e-05,125.9,90.0,310.0,525.9,525.9,1.0,1.0,1.0,0.2,1.0,0.9811320754716981,1.0,0.01226415094339628,1024,102
hybrid_k5_rerank,q027,vendor_risk,5.0,true,hybrid,5.7e-07,2e-05,6.228e-05,8.285e-05,8.285e-05,125.9,90.0,310.0,525.9,525.9,1.0,1.0,1.0,0.2,1.0,0.9814814814814815,1.0,0.012037037037037068,1024,102
hybrid_k5_rerank,q028,policy_reasoning,5.0,true,hybrid,5.7e-07,2e-05,6.156e-05,8.213e-05,8.213e-05,125.9,90.0,310.0,525.9,525.9,1.0,1.0,1.0,0.2,1.0,0.9850746268656716,1.0,0.00970149253731345,1024,102
hybrid_k5_rerank,q029,policy_reasoning,5.0,true,hybrid,5.7e-07,2e-05,6.312e-05,8.369e-05,8.369e-05,125.9,90.0,310.0,525.9,525.9,1.0,1.0,1.0,0.2,1.0,1.0,1.0,0.0,1024,102
hybrid_k5_rerank,q030,ambiguous,5.0,true,hybrid,5.7e-07,2e-05,6.324e-05,8.381e-05,8.381e-05,125.9,90.0,310.0,525.9,525.9,1.0,1.0,0.9197207891481876,0.4,1.0,0.9852941176470589,0.8,0.07955882352941179,1024,102
hybrid_k5_rerank,q031,cloud_operations,5.0,true,hybrid,5.7e-07,2e-05,6.312e-05,8.369e-05,8.369e-05,125.9,90.0,310.0,525.9,525.9,1.0,1.0,1.0,0.2,1.0,0.9787234042553191,1.0,0.013829787234042601,1024,102
hybrid_k5_rerank,q032,cloud_operations,5.0,true,hybrid,5.7e-07,2e-05,6.216e-05,8.273e-05,8.273e-05,125.9,90.0,310.0,525.9,525.9,1.0,1.0,1.0,0.2,1.0,1.0,0.8,0.07000000000000006,1024,102
hybrid_k5_rerank,q033,cost_latency,5.0,true,hybrid,5.7e-07,2e-05,6.252e-05,8.309e-05,8.309e-05,125.9,90.0,310.0,525.9,525.9,1.0,1.0,1.0,0.2,1.0,0.9836065573770492,1.0,0.010655737704918011,1024,102
hybrid_k5_rerank,q034,compliance,5.0,true,hybrid,5.7e-07,2e-05,6.108e-05,8.165e-05,8.165e-05,125.9,90.0,310.0,525.9,525.9,1.0,1.0,1.0,0.2,1.0,0.9855072463768116,1.0,0.009420289855072483,1024,102
hybrid_k5_rerank,q035,policy_reasoning,5.0,true,hybrid,5.7e-07,2e-05,6.372e-05,8.429e-05,8.429e-05,125.9,90.0,310.0,525.9,525.9,1.0,1.0,1.0,0.2,1.0,0.9821428571428571,1.0,0.011607142857142927,1024,102
hybrid_k5_rerank,q036,policy_reasoning,5.0,true,hybrid,5.7e-07,2e-05,6.432e-05,8.489e-05,8.489e-05,125.9,90.0,310.0,525.9,525.9,1.0,1.0,1.0,0.2,1.0,0.9836065573770492,1.0,0.010655737704918011,1024,102
hybrid_k5_rerank,q037,fact_lookup,5.0,true,hybrid,5.7e-07,2e-05,6.384e-05,8.441e-05,8.441e-05,125.9,90.0,310.0,525.9,525.9,0.0,0.0,0.0,0.0,0.0,1.0,1.0,0.0,1024,102
hybrid_k5_rerank,q038,compliance,5.0,true,hybrid,5.7e-07,2e-05,6.216e-05,8.273e-05,8.273e-05,125.9,90.0,310.0,525.9,525.9,1.0,1.0,1.0,0.2,1.0,1.0,1.0,0.0,1024,102
hybrid_k5_rerank,q039,multi_hop,5.0,true,hybrid,5.7e-07,2e-05,6.36e-05,8.417e-05,8.417e-05,125.9,90.0,310.0,525.9,525.9,1.0,0.5,0.7328286204777911,0.6,1.0,0.9830508474576272,0.6,0.15101694915254238,1024,102
hybrid_k5_rerank,q040,multi_hop,5.0,true,hybrid,5.7e-07,2e-05,6.468e-05,8.525e-05,8.525e-05,125.9,90.0,310.0,525.9,525.9,0.6666666666666666,1.0,0.6713860725233041,0.4,0.6666666666666666,0.9814814814814815,1.0,0.012037037037037068,1024,102
hybrid_k5_rerank,q041,stale_context,5.0,true,hybrid,5.7e-07,2e-05,6.288e-05,8.345e-05,8.345e-05,125.9,90.0,310.0,525.9,525.9,1.0,1.0,0.8503449055347546,0.4,1.0,0.9838709677419355,1.0,0.010483870967741948,1024,102
hybrid_k5_rerank,q042,ambiguous,5.0,true,hybrid,5.7e-07,2e-05,6.408e-05,8.465e-05,8.465e-05,125.9,90.0,310.0,525.9,525.9,0.5,0.3333333333333333,0.3065735963827292,0.2,0.5,0.984375,0.6,0.15015625,1024,102
hybrid_k5_rerank,q043,ambiguous,5.0,true,hybrid,5.7e-07,2e-05,6.408e-05,8.465e-05,8.465e-05,125.9,90.0,310.0,525.9,525.9,0.6666666666666666,1.0,0.6713860725233041,0.4,0.6666666666666666,0.9818181818181818,0.8,0.08181818181818179,1024,102
hybrid_k5_rerank,q044,cost_latency,5.0,true,hybrid,5.7e-07,2e-05,6.372e-05,8.429e-05,8.429e-05,125.9,90.0,310.0,525.9,525.9,1.0,1.0,1.0,0.2,1.0,1.0,1.0,0.0,1024,102
hybrid_k5_rerank,q045,multi_hop,5.0,true,hybrid,5.7e-07,2e-05,6.3e-05,8.357e-05,8.357e-05,125.9,90.0,310.0,525.9,525.9,1.0,1.0,0.9197207891481876,0.4,1.0,0.9824561403508771,1.0,0.01140350877192986,1024,102
hybrid_k5_rerank,q046,vendor_risk,5.0,true,hybrid,5.7e-07,2e-05,6.216e-05,8.273e-05,8.273e-05,125.9,90.0,310.0,525.9,525.9,1.0,1.0,1.0,0.2,1.0,0.9807692307692307,1.0,0.012500000000000067,1024,102
hybrid_k5_rerank,q047,cloud_operations,5.0,true,hybrid,5.7e-07,2e-05,6.336e-05,8.393e-05,8.393e-05,125.9,90.0,310.0,525.9,525.9,0.0,0.0,0.0,0.0,0.0,1.0,1.0,0.0,1024,102
hybrid_k5_rerank,q048,fact_lookup,5.0,true,hybrid,5.7e-07,2e-05,6.408e-05,8.465e-05,8.465e-05,125.9,90.0,310.0,525.9,525.9,1.0,1.0,1.0,0.2,1.0,0.9855072463768116,0.75,0.0969202898550725,1024,102
hybrid_k5_rerank,q049,policy_reasoning,5.0,true,hybrid,5.7e-07,2e-05,6.168e-05,8.225e-05,8.225e-05,125.9,90.0,310.0,525.9,525.9,0.5,0.3333333333333333,0.3065735963827292,0.2,0.5,0.9818181818181818,1.0,0.011818181818181839,1024,102
hybrid_k5_rerank,q050,compliance,5.0,true,hybrid,5.7e-07,2e-05,6.384e-05,8.441e-05,8.441e-05,125.9,90.0,310.0,525.9,525.9,1.0,1.0,1.0,0.2,1.0,0.9838709677419355,0.8,0.08048387096774201,1024,102
hybrid_k5_rerank,q051,stale_context,5.0,true,hybrid,5.7e-07,2e-05,6.492e-05,8.549e-05,8.549e-05,125.9,90.0,310.0,525.9,525.9,0.0,0.0,0.0,0.0,0.0,0.9841269841269841,1.0,0.010317460317460392,1024,102
hybrid_k5_rerank,q052,fact_lookup,5.0,true,hybrid,5.7e-07,2e-05,6.324e-05,8.381e-05,8.381e-05,125.9,90.0,310.0,525.9,525.9,0.0,0.0,0.0,0.0,0.0,1.0,1.0,0.0,1024,102
hybrid_k5_rerank,q053,cost_latency,5.0,true,hybrid,5.7e-07,2e-05,6.36e-05,8.417e-05,8.417e-05,125.9,90.0,310.0,525.9,525.9,1.0,1.0,1.0,0.2,1.0,1.0,1.0,0.0,1024,102
hybrid_k5_rerank,q054,compliance,5.0,true,hybrid,5.7e-07,2e-05,6.348e-05,8.405e-05,8.405e-05,125.9,90.0,310.0,525.9,525.9,0.0,0.0,0.0,0.0,0.0,0.9833333333333333,1.0,0.010833333333333361,1024,102
hybrid_k5_rerank,q055,policy_reasoning,5.0,true,hybrid,5.7e-07,2e-05,6.312e-05,8.369e-05,8.369e-05,125.9,90.0,310.0,525.9,525.9,0.5,1.0,0.6131471927654584,0.2,0.5,0.9846153846153847,0.8,0.08000000000000007,1024,102
hybrid_k5_rerank,q056,multi_hop,5.0,true,hybrid,5.7e-07,2e-05,6.42e-05,8.477e-05,8.477e-05,125.9,90.0,310.0,525.9,525.9,0.3333333333333333,1.0,0.46927872602275644,0.2,0.3333333333333333,0.9852941176470589,0.6,0.14955882352941174,1024,102
hybrid_dense_hash_k5_rerank,q001,fact_lookup,5.0,true,hybrid_dense_hash,1.77e-06,2e-05,6.384e-05,8.561e-05,8.561e-05,141.9,90.0,310.0,541.9,541.9,1.0,0.3333333333333333,0.5706417189553201,0.4,1.0,0.9836065573770492,0.8,0.08065573770491796,1024,102
hybrid_dense_hash_k5_rerank,q002,fact_lookup,5.0,true,hybrid_dense_hash,1.77e-06,2e-05,6.384e-05,8.561e-05,8.561e-05,141.9,90.0,310.0,541.9,541.9,1.0,1.0,1.0,0.2,1.0,0.9846153846153847,1.0,0.010000000000000009,1024,102
hybrid_dense_hash_k5_rerank,q003,stale_context,5.0,true,hybrid_dense_hash,1.77e-06,2e-05,6.36e-05,8.537e-05,8.537e-05,141.9,90.0,310.0,541.9,541.9,0.5,0.5,0.38685280723454163,0.2,0.5,0.9838709677419355,0.8,0.08048387096774201,1024,102
hybrid_dense_hash_k5_rerank,q004,fact_lookup,5.0,true,hybrid_dense_hash,1.77e-06,2e-05,6.336e-05,8.513e-05,8.513e-05,141.9,90.0,310.0,541.9,541.9,1.0,1.0,1.0,0.2,1.0,1.0,1.0,0.0,1024,102
hybrid_dense_hash_k5_rerank,q005,fact_lookup,5.0,true,hybrid_dense_hash,1.77e-06,2e-05,6.372e-05,8.549e-05,8.549e-05,141.9,90.0,310.0,541.9,541.9,1.0,1.0,1.0,0.2,1.0,0.9841269841269841,1.0,0.010317460317460392,1024,102
hybrid_dense_hash_k5_rerank,q006,compliance,5.0,true,hybrid_dense_hash,1.77e-06,2e-05,6.48e-05,8.657e-05,8.657e-05,141.9,90.0,310.0,541.9,541.9,1.0,1.0,1.0,0.2,1.0,0.9833333333333333,1.0,0.010833333333333361,1024,102
hybrid_dense_hash_k5_rerank,q007,fact_lookup,5.0,true,hybrid_dense_hash,1.77e-06,2e-05,6.372e-05,8.549e-05,8.549e-05,141.9,90.0,310.0,541.9,541.9,1.0,1.0,1.0,0.2,1.0,1.0,1.0,0.0,1024,102
hybrid_dense_hash_k5_rerank,q008,policy_reasoning,5.0,true,hybrid_dense_hash,1.77e-06,2e-05,6.324e-05,8.501e-05,8.501e-05,141.9,90.0,310.0,541.9,541.9,1.0,0.25,0.43067655807339306,0.2,1.0,0.9836065573770492,0.16666666666666666,0.30232240437158464,1024,102
hybrid_dense_hash_k5_rerank,q009,cost_latency,5.0,true,hybrid_dense_hash,1.77e-06,2e-05,6.444e-05,8.621e-05,8.621e-05,141.9,90.0,310.0,541.9,541.9,1.0,1.0,1.0,0.4,1.0,0.9827586206896551,1.0,0.011206896551724133,1024,102
hybrid_dense_hash_k5_rerank,q010,compliance,5.0,true,hybrid_dense_hash,1.77e-06,2e-05,6.336e-05,8.513e-05,8.513e-05,141.9,90.0,310.0,541.9,541.9,1.0,1.0,1.0,0.2,1.0,0.984375,1.0,0.010156249999999978,1024,102
hybrid_dense_hash_k5_rerank,q011,fact_lookup,5.0,true,hybrid_dense_hash,1.77e-06,2e-05,6.42e-05,8.597e-05,8.597e-05,141.9,90.0,310.0,541.9,541.9,1.0,1.0,1.0,0.2,1.0,0.9838709677419355,1.0,0.010483870967741948,1024,102
hybrid_dense_hash_k5_rerank,q012,policy_reasoning,5.0,true,hybrid_dense_hash,1.77e-06,2e-05,6.456e-05,8.633e-05,8.633e-05,141.9,90.0,310.0,541.9,541.9,1.0,1.0,1.0,0.2,1.0,1.0,1.0,0.0,1024,102
hybrid_dense_hash_k5_rerank,q013,compliance,5.0,true,hybrid_dense_hash,1.77e-06,2e-05,6.408e-05,8.585e-05,8.585e-05,141.9,90.0,310.0,541.9,541.9,1.0,1.0,1.0,0.2,1.0,0.984375,0.75,0.09765625,1024,102
hybrid_dense_hash_k5_rerank,q014,fact_lookup,5.0,true,hybrid_dense_hash,1.77e-06,2e-05,6.372e-05,8.549e-05,8.549e-05,141.9,90.0,310.0,541.9,541.9,1.0,1.0,1.0,0.2,1.0,0.9838709677419355,1.0,0.010483870967741948,1024,102
hybrid_dense_hash_k5_rerank,q015,multi_hop,5.0,true,hybrid_dense_hash,1.77e-06,2e-05,6.42e-05,8.597e-05,8.597e-05,141.9,90.0,310.0,541.9,541.9,0.5,1.0,0.6131471927654584,0.2,0.5,1.0,0.8,0.07000000000000006,1024,102
hybrid_dense_hash_k5_rerank,q016,compliance,5.0,true,hybrid_dense_hash,1.77e-06,2e-05,6.204e-05,8.381e-05,8.381e-05,141.9,90.0,310.0,541.9,541.9,1.0,1.0,1.0,0.2,1.0,0.9818181818181818,1.0,0.011818181818181839,1024,102
hybrid_dense_hash_k5_rerank,q017,vendor_risk,5.0,true,hybrid_dense_hash,1.77e-06,2e-05,6.288e-05,8.465e-05,8.465e-05,141.9,90.0,310.0,541.9,541.9,1.0,1.0,1.0,0.2,1.0,1.0,1.0,0.0,1024,102
hybrid_dense_hash_k5_rerank,q018,compliance,5.0,true,hybrid_dense_hash,1.77e-06,2e-05,6.204e-05,8.381e-05,8.381e-05,141.9,90.0,310.0,541.9,541.9,0.0,0.0,0.0,0.0,0.0,0.9818181818181818,1.0,0.011818181818181839,1024,102
hybrid_dense_hash_k5_rerank,q019,policy_reasoning,5.0,true,hybrid_dense_hash,1.77e-06,2e-05,6.36e-05,8.537e-05,8.537e-05,141.9,90.0,310.0,541.9,541.9,0.0,0.0,0.0,0.0,0.0,1.0,0.8,0.07000000000000006,1024,102
hybrid_dense_hash_k5_rerank,q020,cost_latency,5.0,true,hybrid_dense_hash,1.77e-06,2e-05,6.528e-05,8.705e-05,8.705e-05,141.9,90.0,310.0,541.9,541.9,1.0,1.0,1.0,0.2,1.0,0.9824561403508771,1.0,0.01140350877192986,1024,102
hybrid_dense_hash_k5_rerank,q021,cost_latency,5.0,true,hybrid_dense_hash,1.77e-06,2e-05,6.48e-05,8.657e-05,8.657e-05,141.9,90.0,310.0,541.9,541.9,1.0,1.0,1.0,0.2,1.0,1.0,1.0,0.0,1024,102
hybrid_dense_hash_k5_rerank,q022,cost_latency,5.0,true,hybrid_dense_hash,1.77e-06,2e-05,6.312e-05,8.489e-05,8.489e-05,141.9,90.0,310.0,541.9,541.9,1.0,1.0,1.0,0.2,1.0,0.9836065573770492,1.0,0.010655737704918011,1024,102
hybrid_dense_hash_k5_rerank,q023,policy_reasoning,5.0,true,hybrid_dense_hash,1.77e-06,2e-05,6.264e-05,8.441e-05,8.441e-05,141.9,90.0,310.0,541.9,541.9,0.5,0.5,0.38685280723454163,0.2,0.5,1.0,1.0,0.0,1024,102
hybrid_dense_hash_k5_rerank,q024,compliance,5.0,true,hybrid_dense_hash,1.77e-06,2e-05,6.276e-05,8.453e-05,8.453e-05,141.9,90.0,310.0,541.9,541.9,1.0,1.0,1.0,0.2,1.0,1.0,1.0,0.0,1024,102
hybrid_dense_hash_k5_rerank,q025,fact_lookup,5.0,true,hybrid_dense_hash,1.77e-06,2e-05,6.18e-05,8.357e-05,8.357e-05,141.9,90.0,310.0,541.9,541.9,1.0,1.0,1.0,0.2,1.0,0.9846153846153847,1.0,0.010000000000000009,1024,102
hybrid_dense_hash_k5_rerank,q026,vendor_risk,5.0,true,hybrid_dense_hash,1.77e-06,2e-05,6.348e-05,8.525e-05,8.525e-05,141.9,90.0,310.0,541.9,541.9,1.0,1.0,1.0,0.2,1.0,0.9811320754716981,1.0,0.01226415094339628,1024,102
hybrid_dense_hash_k5_rerank,q027,vendor_risk,5.0,true,hybrid_dense_hash,1.77e-06,2e-05,6.264e-05,8.441e-05,8.441e-05,141.9,90.0,310.0,541.9,541.9,1.0,1.0,1.0,0.2,1.0,0.9824561403508771,1.0,0.01140350877192986,1024,102
hybrid_dense_hash_k5_rerank,q028,policy_reasoning,5.0,true,hybrid_dense_hash,1.77e-06,2e-05,6.156e-05,8.333e-05,8.333e-05,141.9,90.0,310.0,541.9,541.9,1.0,0.3333333333333333,0.5,0.2,1.0,1.0,1.0,0.0,1024,102
hybrid_dense_hash_k5_rerank,q029,policy_reasoning,5.0,true,hybrid_dense_hash,1.77e-06,2e-05,6.372e-05,8.549e-05,8.549e-05,141.9,90.0,310.0,541.9,541.9,1.0,1.0,1.0,0.2,1.0,1.0,1.0,0.0,1024,102
hybrid_dense_hash_k5_rerank,q030,ambiguous,5.0,true,hybrid_dense_hash,1.77e-06,2e-05,6.192e-05,8.369e-05,8.369e-05,141.9,90.0,310.0,541.9,541.9,1.0,1.0,0.8772153153380493,0.4,1.0,0.984375,0.4,0.22015624999999994,1024,102
hybrid_dense_hash_k5_rerank,q031,cloud_operations,5.0,true,hybrid_dense_hash,1.77e-06,2e-05,6.336e-05,8.513e-05,8.513e-05,141.9,90.0,310.0,541.9,541.9,1.0,1.0,1.0,0.2,1.0,0.9827586206896551,1.0,0.011206896551724133,1024,102
hybrid_dense_hash_k5_rerank,q032,cloud_operations,5.0,true,hybrid_dense_hash,1.77e-06,2e-05,6.24e-05,8.417e-05,8.417e-05,141.9,90.0,310.0,541.9,541.9,1.0,1.0,1.0,0.2,1.0,1.0,0.8,0.07000000000000006,1024,102
hybrid_dense_hash_k5_rerank,q033,cost_latency,5.0,true,hybrid_dense_hash,1.77e-06,2e-05,6.252e-05,8.429e-05,8.429e-05,141.9,90.0,310.0,541.9,541.9,1.0,1.0,1.0,0.2,1.0,0.9838709677419355,1.0,0.010483870967741948,1024,102
hybrid_dense_hash_k5_rerank,q034,compliance,5.0,true,hybrid_dense_hash,1.77e-06,2e-05,6.204e-05,8.381e-05,8.381e-05,141.9,90.0,310.0,541.9,541.9,1.0,1.0,1.0,0.2,1.0,0.9857142857142858,1.0,0.00928571428571423,1024,102
hybrid_dense_hash_k5_rerank,q035,policy_reasoning,5.0,true,hybrid_dense_hash,1.77e-06,2e-05,6.372e-05,8.549e-05,8.549e-05,141.9,90.0,310.0,541.9,541.9,1.0,1.0,1.0,0.2,1.0,0.9821428571428571,1.0,0.011607142857142927,1024,102
hybrid_dense_hash_k5_rerank,q036,policy_reasoning,5.0,true,hybrid_dense_hash,1.77e-06,2e-05,6.348e-05,8.525e-05,8.525e-05,141.9,90.0,310.0,541.9,541.9,1.0,1.0,1.0,0.2,1.0,1.0,1.0,0.0,1024,102
hybrid_dense_hash_k5_rerank,q037,fact_lookup,5.0,true,hybrid_dense_hash,1.77e-06,2e-05,6.432e-05,8.609e-05,8.609e-05,141.9,90.0,310.0,541.9,541.9,0.0,0.0,0.0,0.0,0.0,1.0,1.0,0.0,1024,102
hybrid_dense_hash_k5_rerank,q038,compliance,5.0,true,hybrid_dense_hash,1.77e-06,2e-05,6.24e-05,8.417e-05,8.417e-05,141.9,90.0,310.0,541.9,541.9,1.0,1.0,1.0,0.2,1.0,1.0,1.0,0.0,1024,102
hybrid_dense_hash_k5_rerank,q039,multi_hop,5.0,true,hybrid_dense_hash,1.77e-06,2e-05,6.432e-05,8.609e-05,8.609e-05,141.9,90.0,310.0,541.9,541.9,0.6666666666666666,0.5,0.5307212739772434,0.4,0.6666666666666666,0.9830508474576272,0.6,0.15101694915254238,1024,102
hybrid_dense_hash_k5_rerank,q040,multi_hop,5.0,true,hybrid_dense_hash,1.77e-06,2e-05,6.468e-05,8.645e-05,8.645e-05,141.9,90.0,310.0,541.9,541.9,0.6666666666666666,1.0,0.6713860725233041,0.4,0.6666666666666666,0.9818181818181818,1.0,0.011818181818181839,1024,102
hybrid_dense_hash_k5_rerank,q041,stale_context,5.0,true,hybrid_dense_hash,1.77e-06,2e-05,6.276e-05,8.453e-05,8.453e-05,141.9,90.0,310.0,541.9,541.9,0.5,1.0,0.6131471927654584,0.2,0.5,0.9838709677419355,1.0,0.010483870967741948,1024,102
hybrid_dense_hash_k5_rerank,q042,ambiguous,5.0,true,hybrid_dense_hash,1.77e-06,2e-05,6.348e-05,8.525e-05,8.525e-05,141.9,90.0,310.0,541.9,541.9,0.0,0.0,0.0,0.0,0.0,0.984375,0.2,0.29015625,1024,102
hybrid_dense_hash_k5_rerank,q043,ambiguous,5.0,true,hybrid_dense_hash,1.77e-06,2e-05,6.264e-05,8.441e-05,8.441e-05,141.9,90.0,310.0,541.9,541.9,0.6666666666666666,1.0,0.7653606369886217,0.4,0.6666666666666666,1.0,0.8,0.07000000000000006,1024,102
hybrid_dense_hash_k5_rerank,q044,cost_latency,5.0,true,hybrid_dense_hash,1.77e-06,2e-05,6.396e-05,8.573e-05,8.573e-05,141.9,90.0,310.0,541.9,541.9,1.0,1.0,1.0,0.2,1.0,1.0,1.0,0.0,1024,102
hybrid_dense_hash_k5_rerank,q045,multi_hop,5.0,true,hybrid_dense_hash,1.77e-06,2e-05,6.336e-05,8.513e-05,8.513e-05,141.9,90.0,310.0,541.9,541.9,0.5,1.0,0.6131471927654584,0.2,0.5,1.0,0.8,0.07000000000000006,1024,102
hybrid_dense_hash_k5_rerank,q046,vendor_risk,5.0,true,hybrid_dense_hash,1.77e-06,2e-05,6.3e-05,8.477e-05,8.477e-05,141.9,90.0,310.0,541.9,541.9,1.0,1.0,1.0,0.2,1.0,0.9807692307692307,1.0,0.012500000000000067,1024,102
hybrid_dense_hash_k5_rerank,q047,cloud_operations,5.0,true,hybrid_dense_hash,1.77e-06,2e-05,6.252e-05,8.429e-05,8.429e-05,141.9,90.0,310.0,541.9,541.9,0.0,0.0,0.0,0.0,0.0,0.9841269841269841,1.0,0.010317460317460392,1024,102
hybrid_dense_hash_k5_rerank,q048,fact_lookup,5.0,true,hybrid_dense_hash,1.77e-06,2e-05,6.42e-05,8.597e-05,8.597e-05,141.9,90.0,310.0,541.9,541.9,1.0,1.0,1.0,0.2,1.0,0.9848484848484849,0.75,0.0973484848484849,1024,102
hybrid_dense_hash_k5_rerank,q049,policy_reasoning,5.0,true,hybrid_dense_hash,1.77e-06,2e-05,6.216e-05,8.393e-05,8.393e-05,141.9,90.0,310.0,541.9,541.9,0.5,0.3333333333333333,0.3065735963827292,0.2,0.5,0.9818181818181818,1.0,0.011818181818181839,1024,102
hybrid_dense_hash_k5_rerank,q050,compliance,5.0,true,hybrid_dense_hash,1.77e-06,2e-05,6.384e-05,8.561e-05,8.561e-05,141.9,90.0,310.0,541.9,541.9,1.0,1.0,1.0,0.2,1.0,0.9838709677419355,0.8,0.08048387096774201,1024,102
hybrid_dense_hash_k5_rerank,q051,stale_context,5.0,true,hybrid_dense_hash,1.77e-06,2e-05,6.432e-05,8.609e-05,8.609e-05,141.9,90.0,310.0,541.9,541.9,0.0,0.0,0.0,0.0,0.0,0.9848484848484849,1.0,0.009848484848484884,1024,102
hybrid_dense_hash_k5_rerank,q052,fact_lookup,5.0,true,hybrid_dense_hash,1.77e-06,2e-05,6.408e-05,8.585e-05,8.585e-05,141.9,90.0,310.0,541.9,541.9,0.0,0.0,0.0,0.0,0.0,0.984375,1.0,0.010156249999999978,1024,102
hybrid_dense_hash_k5_rerank,q053,cost_latency,5.0,true,hybrid_dense_hash,1.77e-06,2e-05,6.456e-05,8.633e-05,8.633e-05,141.9,90.0,310.0,541.9,541.9,1.0,1.0,1.0,0.2,1.0,1.0,1.0,0.0,1024,102
hybrid_dense_hash_k5_rerank,q054,compliance,5.0,true,hybrid_dense_hash,1.77e-06,2e-05,6.42e-05,8.597e-05,8.597e-05,141.9,90.0,310.0,541.9,541.9,0.0,0.0,0.0,0.0,0.0,0.9848484848484849,1.0,0.009848484848484884,1024,102
hybrid_dense_hash_k5_rerank,q055,policy_reasoning,5.0,true,hybrid_dense_hash,1.77e-06,2e-05,6.276e-05,8.453e-05,8.453e-05,141.9,90.0,310.0,541.9,541.9,0.5,1.0,0.6131471927654584,0.2,0.5,1.0,0.6,0.14,1024,102
hybrid_dense_hash_k5_rerank,q056,multi_hop,5.0,true,hybrid_dense_hash,1.77e-06,2e-05,6.54e-05,8.717e-05,8.717e-05,141.9,90.0,310.0,541.9,541.9,0.3333333333333333,0.5,0.2960819109658652,0.2,0.3333333333333333,0.9857142857142858,0.6,0.14928571428571424,1024,102
